2020-06-06;9646.60;9551.70;9645.90;9621.40;22.83
2020-06-05;9851.00;9603.00;9800.80;9645.90;205.69
2020-06-04;9891.90;9470.00;9665.40;9800.80;214.15
2020-06-03;9682.50;9400.00;9520.00;9665.40;177.46
2020-06-02;10203.70;9279.30;10194.00;9520.00;332.90
2020-06-01;10382.40;9435.80;9446.90;10194.00;241.85
2020-05-31;9700.10;9400.00;9700.10;9446.90;173.13
2020-05-30;9740.00;9324.80;9428.60;9700.10;180.32
2020-05-29;9612.90;9341.20;9564.30;9428.60;209.62
2020-05-28;9624.90;9125.10;9200.00;9564.30;392.57
2020-05-27;9229.90;8830.40;8855.40;9200.00;301.05
2020-05-26;9016.00;8707.60;8909.60;8855.40;196.89
2020-05-25;8975.00;8631.30;8721.90;8909.60;268.88
2020-05-24;9300.80;8700.00;9198.70;8721.90;266.73
2020-05-23;9319.10;9100.00;9178.40;9198.70;159.72
2020-05-22;9280.00;8939.30;9044.80;9178.40;185.93
2020-05-21;9571.20;8810.10;9527.60;9044.80;424.84
2020-05-20;9844.70;9309.20;9799.80;9527.60;429.66
2020-05-19;9899.30;9458.50;9742.20;9799.80;388.46
2020-05-18;9959.00;9482.30;9682.90;9742.20;358.04
2020-05-17;9888.90;9345.50;9384.80;9682.90;491.97
2020-05-16;9600.00;9211.80;9319.90;9384.80;250.00
2020-05-15;9840.00;9123.10;9788.10;9319.90;502.33
2020-05-14;9951.30;9282.20;9327.40;9788.10;725.74
2020-05-13;9419.80;8812.80;8837.40;9327.40;461.62
2020-05-12;8980.00;8542.60;8569.40;8837.40;334.94
2020-05-11;9174.80;8196.20;8748.20;8569.40;1042.46
2020-05-10;9554.80;8100.00;9544.50;8748.20;962.30
2020-05-09;9916.30;9521.30;9822.50;9544.50;387.93
2020-05-08;10048.00;9720.00;9996.60;9822.50;440.52
2020-05-07;10080.00;9027.30;9168.60;9996.60;754.32
2020-05-06;9403.00;8942.10;9035.30;9168.60;481.59
2020-05-05;9120.30;8789.00;8904.00;9035.30;329.31
2020-05-04;8967.90;8532.80;8916.90;8904.00;295.17
2020-05-03;9200.00;8717.00;8993.30;8916.90;392.66
2020-05-02;9020.00;8776.30;8838.10;8993.30;231.28
2020-05-01;9062.50;8626.90;8626.90;8838.10;366.96
2020-04-30;9479.40;8395.30;8778.30;8626.90;1101.00
2020-04-29;8985.20;7740.00;7772.90;8778.30;1160.99
2020-04-28;7786.90;7679.80;7786.90;7772.90;202.11
2020-04-27;7800.00;7645.70;7700.00;7786.90;286.61
2020-04-26;7714.10;7505.00;7541.00;7700.00;214.73
2020-04-25;7717.30;7460.00;7526.40;7541.00;204.30
2020-04-24;7623.60;7391.80;7492.80;7526.40;226.03
2020-04-23;7800.00;7041.00;7140.30;7492.80;513.86
2020-04-22;7170.00;6839.10;6872.90;7140.30;236.58
2020-04-21;6963.80;6790.10;6848.70;6872.90;242.28
2020-04-20;7229.90;6780.00;7136.50;6848.70;359.21
2020-04-19;7270.90;7080.00;7258.10;7136.50;172.12
2020-04-18;7300.00;7036.40;7036.40;7258.10;231.42
2020-04-17;7160.20;6986.90;7122.00;7036.40;255.56
2020-04-16;7216.20;6500.00;6647.40;7122.00;791.79
2020-04-15;6944.90;6616.00;6888.20;6647.40;201.44
2020-04-14;6989.90;6778.10;6863.10;6888.20;167.14
2020-04-13;6917.20;6580.10;6917.20;6863.10;328.50
2020-04-12;7200.00;6811.10;6900.00;6917.20;180.92
2020-04-11;6965.60;6780.80;6877.70;6900.00;110.59
2020-04-10;7316.50;6755.10;7310.90;6877.70;388.77
2020-04-09;7388.10;7124.00;7378.10;7310.90;296.88
2020-04-08;7424.80;7171.90;7214.70;7378.10;195.82
2020-04-07;7489.80;7100.00;7356.40;7214.70;380.09
2020-04-06;7370.00;6776.00;6792.90;7356.40;394.76
2020-04-05;6900.00;6679.00;6880.50;6792.90;232.16
2020-04-04;7000.00;6666.60;6743.00;6880.50;270.97
2020-04-03;7050.00;6620.00;6813.50;6743.00;323.53
2020-04-02;7262.40;6573.30;6635.80;6813.50;529.44
2020-04-01;6719.90;6160.10;6441.50;6635.80;336.31
2020-03-31;6539.30;6350.00;6403.60;6441.50;241.75
2020-03-30;6605.80;5855.20;5895.80;6403.60;375.30
2020-03-29;6288.40;5888.00;6271.60;5895.80;231.69
2020-03-28;6383.20;6050.00;6383.20;6271.60;317.48
2020-03-27;6871.60;6275.00;6771.40;6383.20;263.85
2020-03-26;6795.90;6545.10;6709.70;6771.40;232.07
2020-03-25;6988.50;6484.40;6781.00;6709.70;333.64
2020-03-24;6849.20;6424.30;6483.10;6781.00;435.30
2020-03-23;6615.00;5726.10;5849.90;6483.10;374.14
2020-03-22;6402.00;5798.10;6212.20;5849.90;347.26
2020-03-21;6456.00;5892.20;6220.90;6212.20;325.75
2020-03-20;6938.00;5684.60;6220.40;6220.90;653.28
2020-03-19;6439.70;5295.40;5411.00;6220.40;627.04
2020-03-18;5451.00;5060.90;5381.40;5411.00;405.80
2020-03-17;5569.50;4945.90;5057.40;5381.40;479.13
2020-03-16;5422.90;4520.10;5422.90;5057.40;1047.09
2020-03-15;5987.60;5188.20;5250.00;5422.90;383.12
2020-03-14;5700.00;5150.00;5686.90;5250.00;372.17
2020-03-13;6047.70;4001.10;4920.50;5686.90;1281.48
2020-03-12;7988.80;4707.30;7942.10;4920.50;1440.79
2020-03-11;8000.00;7610.00;7904.80;7942.10;177.14
2020-03-10;8167.90;7745.30;7947.70;7904.80;238.66
2020-03-09;8200.50;7648.30;8059.20;7947.70;313.55
2020-03-08;8923.10;8029.00;8923.10;8059.20;245.95
2020-03-07;9211.80;8866.40;9159.70;8923.10;115.26
2020-03-06;9195.00;9023.20;9086.00;9159.70;92.16
2020-03-05;9169.20;8777.40;8797.80;9086.00;193.33
2020-03-04;8866.40;8695.50;8796.10;8797.80;76.41
2020-03-03;8939.90;8674.20;8926.50;8796.10;74.65
2020-03-02;8986.70;8530.00;8572.80;8926.50;121.13
2020-03-01;8778.60;8450.00;8559.00;8572.80;80.52
2020-02-29;8821.00;8559.00;8698.30;8559.00;51.50
2020-02-28;8932.80;8458.30;8849.80;8698.30;164.31
2020-02-27;8985.00;8533.00;8821.30;8849.80;153.84
2020-02-26;9381.90;8648.50;9333.80;8821.30;234.45
2020-02-25;9700.90;9272.50;9690.60;9333.80;123.46
2020-02-24;10020.00;9506.00;9999.90;9690.60;138.25
2020-02-23;10012.10;9693.70;9700.70;9999.90;88.53
2020-02-22;9741.00;9601.00;9721.00;9700.70;42.52
2020-02-21;9799.10;9602.00;9606.20;9721.00;80.65
2020-02-20;9688.80;9423.00;9617.30;9606.20;114.64
2020-02-19;10290.00;9307.70;10178.80;9617.30;229.99
2020-02-18;10261.40;9639.70;9745.10;10178.80;199.58
2020-02-17;9954.80;9502.00;9950.90;9745.10;160.14
2020-02-16;10069.60;9660.00;9905.00;9950.90;91.13
2020-02-15;10400.00;9775.00;10375.00;9905.00;149.31
2020-02-14;10399.90;10136.70;10241.00;10375.00;68.63
2020-02-13;10510.00;10115.10;10381.60;10241.00;153.15
2020-02-12;10466.30;10260.00;10288.50;10381.60;101.27
2020-02-11;10390.80;9719.70;9879.50;10288.50;147.74
2020-02-10;10197.50;9750.80;10179.80;9879.50;134.78
2020-02-09;10179.80;9916.80;9928.90;10179.80;118.68
2020-02-08;9937.80;9675.60;9834.90;9928.90;83.28
2020-02-07;9870.00;9711.00;9773.20;9834.90;62.79
2020-02-06;9875.00;9540.00;9616.00;9773.20;115.93
2020-02-05;9750.50;9167.00;9193.60;9616.00;129.80
2020-02-04;9369.60;9098.00;9313.70;9193.60;89.85
2020-02-03;9603.70;9242.00;9350.90;9313.70;99.75
2020-02-02;9459.90;9173.00;9395.00;9350.90;74.96
2020-02-01;9459.80;9301.60;9356.70;9395.00;55.11
2020-01-31;9550.00;9210.50;9540.80;9356.70;109.44
2020-01-30;9584.00;9205.50;9306.50;9540.80;103.16
2020-01-29;9412.30;9210.20;9359.70;9306.50;113.94
2020-01-28;9360.00;8900.00;8912.10;9359.70;143.71
2020-01-27;8981.30;8567.60;8600.00;8912.10;121.70
2020-01-26;8600.00;8311.30;8367.70;8600.00;90.68
2020-01-25;8457.60;8289.00;8456.90;8367.70;46.50
2020-01-24;8528.90;8245.60;8424.00;8456.90;93.28
2020-01-23;8690.90;8310.00;8681.90;8424.00;137.09
2020-01-22;8798.50;8610.00;8760.70;8681.90;83.00
2020-01-21;8765.50;8521.00;8663.60;8760.70;86.41
2020-01-20;8764.80;8510.00;8718.00;8663.60;86.29
2020-01-19;9185.50;8510.10;8939.90;8718.00;184.58
2020-01-18;8973.40;8830.00;8914.80;8939.90;69.92
2020-01-17;8996.00;8670.00;8747.10;8914.80;135.28
2020-01-16;8825.00;8600.00;8818.20;8747.10;96.37
2020-01-15;8890.00;8584.00;8847.60;8818.20;166.11
2020-01-14;8879.90;8133.00;8133.00;8847.60;253.32
2020-01-13;8206.40;8070.00;8190.00;8133.00;56.19
2020-01-12;8190.00;7987.00;8053.80;8190.00;66.13
2020-01-11;8289.40;8008.40;8200.00;8053.80;106.28
2020-01-10;8200.00;7710.10;7855.00;8200.00;149.45
2020-01-09;8069.90;7785.90;8069.90;7855.00;104.68
2020-01-08;8449.90;7876.00;8189.50;8069.90;187.28
2020-01-07;8220.00;7750.90;7795.30;8189.50;176.67
2020-01-06;7810.90;7382.10;7387.40;7795.30;105.03
2020-01-05;7490.00;7343.00;7379.80;7387.40;69.14
2020-01-04;7398.00;7301.30;7351.30;7379.80;40.88
2020-01-03;7403.90;6901.00;6984.80;7351.30;174.00
2020-01-02;7249.70;6951.00;7238.20;6984.80;122.34
2020-01-01;7300.00;7220.10;7258.70;7238.20;64.92
2019-12-31;7366.60;7200.00;7277.30;7258.70;66.87
2019-12-30;7416.80;7240.30;7412.70;7277.30;60.20
2019-12-29;7509.50;7300.10;7326.20;7412.70;58.83
2019-12-28;7359.70;7270.10;7277.00;7326.20;69.62
2019-12-27;7286.60;7120.10;7231.70;7277.00;82.51
2019-12-26;7447.30;7192.10;7234.30;7231.70;77.39
2019-12-25;7299.80;7169.70;7268.10;7234.30;54.69
2019-12-24;7430.00;7200.00;7362.20;7268.10;116.83
2019-12-23;7709.20;7309.40;7537.00;7362.20;139.99
2019-12-22;7550.00;7195.00;7218.20;7537.00;125.15
2019-12-21;7250.90;7178.00;7236.80;7218.20;33.67
2019-12-20;7272.50;7142.10;7214.50;7236.80;71.08
2019-12-19;7375.00;7080.00;7331.00;7214.50;110.28
2019-12-18;7471.30;6500.00;6707.20;7331.00;355.05
2019-12-17;6999.30;6651.80;6956.50;6707.20;212.21
2019-12-16;7200.00;6888.20;7166.80;6956.50;159.85
2019-12-15;7229.20;7080.00;7136.70;7166.80;50.65
2019-12-14;7309.90;7079.30;7291.90;7136.70;80.33
2019-12-13;7349.90;7248.70;7264.00;7291.90;97.24
2019-12-12;7346.10;7154.80;7280.20;7264.00;86.03
2019-12-11;7356.20;7207.20;7309.30;7280.20;78.18
2019-12-10;7472.90;7250.00;7408.00;7309.30;114.16
2019-12-09;7668.50;7369.10;7584.90;7408.00;106.20
2019-12-08;7619.90;7430.40;7575.50;7584.90;61.27
2019-12-07;7644.90;7543.00;7599.90;7575.50;48.24
2019-12-06;7613.40;7325.30;7455.90;7599.90;108.96
2019-12-05;7494.90;7220.00;7258.00;7455.90;134.65
2019-12-04;7788.00;7138.50;7372.10;7258.00;220.98
2019-12-03;7475.00;7326.10;7392.90;7372.10;112.65
2019-12-02;7511.90;7250.00;7475.70;7392.90;145.15
2019-12-01;7621.00;7302.40;7617.90;7475.70;133.71
2019-11-30;7889.90;7520.00;7827.90;7617.90;160.03
2019-11-29;7920.00;7481.70;7517.20;7827.90;136.14
2019-11-28;7723.70;7443.70;7560.00;7517.20;114.76
2019-11-27;7696.10;6915.30;7249.90;7560.00;275.02
2019-11-26;7376.70;7091.40;7156.90;7249.90;148.63
2019-11-25;7396.80;6526.80;6985.20;7156.90;411.48
2019-11-24;7380.00;6941.90;7377.30;6985.20;202.48
2019-11-23;7400.00;7140.20;7339.90;7377.30;127.32
2019-11-22;7761.80;6886.80;7683.40;7339.90;617.50
2019-11-21;8173.00;7500.00;8147.80;7683.40;374.93
2019-11-20;8250.00;8083.00;8158.00;8147.80;68.05
2019-11-19;8258.30;8075.00;8240.00;8158.00;145.35
2019-11-18;8556.20;8125.00;8549.40;8240.00;130.96
2019-11-17;8671.80;8424.10;8510.20;8549.40;36.94
2019-11-16;8584.10;8484.00;8522.60;8510.20;32.12
2019-11-15;8825.00;8428.00;8693.30;8522.60;134.50
2019-11-14;8838.90;8602.00;8828.10;8693.30;80.80
2019-11-13;8879.10;8750.00;8849.90;8828.10;76.39
2019-11-12;8888.30;8629.00;8783.90;8849.90;93.53
2019-11-11;9097.50;8608.00;9068.30;8783.90;101.63
2019-11-10;9143.70;8789.30;8833.70;9068.30;72.98
2019-11-09;8934.00;8780.00;8838.30;8833.70;79.02
2019-11-08;9281.40;8700.00;9244.10;8838.30;233.15
2019-11-07;9410.00;9106.00;9402.90;9244.10;96.54
2019-11-06;9450.00;9295.90;9349.40;9402.90;55.82
2019-11-05;9479.10;9225.00;9408.80;9349.40;89.44
2019-11-04;9599.90;9162.10;9250.80;9408.80;97.72
2019-11-03;9394.00;9118.20;9332.70;9250.80;45.67
2019-11-02;9399.00;9229.60;9262.50;9332.70;52.95
2019-11-01;9311.50;9088.60;9183.20;9262.50;83.29
2019-10-31;9439.80;8971.30;9208.90;9183.20;177.20
2019-10-30;9439.30;9040.00;9439.30;9208.90;159.89
2019-10-29;9546.70;9130.00;9236.80;9439.30;137.59
2019-10-28;9880.00;9226.10;9538.80;9236.80;192.53
2019-10-27;9798.00;9115.00;9227.00;9538.80;296.38
2019-10-26;10373.40;8649.20;8652.30;9227.00;562.10
2019-10-25;8744.90;7425.30;7450.00;8652.30;302.31
2019-10-24;7533.20;7374.30;7487.50;7450.00;90.53
2019-10-23;8093.40;7347.10;8072.90;7487.50;285.17
2019-10-22;8331.10;8030.00;8249.50;8072.90;84.10
2019-10-21;8353.80;8183.10;8250.00;8249.50;90.10
2019-10-20;8318.90;7918.10;7984.00;8250.00;63.12
2019-10-19;8098.10;7915.40;7991.10;7984.00;61.72
2019-10-18;8128.90;7861.00;8106.00;7991.10;85.37
2019-10-17;8151.00;7959.70;8023.50;8106.00;87.80
2019-10-16;8194.00;7947.30;8189.20;8023.50;92.84
2019-10-15;8400.00;8117.20;8354.40;8189.20;95.11
2019-10-14;8400.00;8229.40;8320.00;8354.40;105.74
2019-10-13;8486.80;8184.70;8333.10;8320.00;83.33
2019-10-12;8427.10;8283.10;8292.60;8333.10;40.54
2019-10-11;8813.30;8271.10;8601.90;8292.60;100.67
2019-10-10;8674.90;8461.70;8613.10;8601.90;109.24
2019-10-09;8700.00;8109.70;8206.10;8613.10;143.36
2019-10-08;8344.00;8129.90;8208.90;8206.10;70.31
2019-10-07;8319.60;7819.90;7924.30;8208.90;191.99
2019-10-06;8182.50;7830.40;8154.90;7924.30;133.78
2019-10-05;8199.90;8042.70;8179.70;8154.90;46.02
2019-10-04;8276.40;8055.00;8267.40;8179.70;101.74
2019-10-03;8400.00;8105.00;8386.90;8267.40;128.15
2019-10-02;8389.20;8195.40;8347.50;8386.90;63.24
2019-10-01;8556.90;8225.50;8321.30;8347.50;147.57
2019-09-30;8350.00;7750.00;8080.00;8321.30;186.13
2019-09-29;8252.50;7922.80;8233.10;8080.00;71.00
2019-09-28;8332.20;8050.10;8222.50;8233.10;82.87
2019-09-27;8298.00;7900.20;8051.60;8222.50;134.79
2019-09-26;8506.60;7726.90;8467.30;8051.60;271.71
2019-09-25;8799.90;8277.70;8592.00;8467.30;174.09
2019-09-24;9820.10;8105.60;9712.00;8592.00;531.67
2019-09-23;10087.30;9651.00;10061.40;9712.00;97.62
2019-09-22;10095.00;9881.70;9999.30;10061.40;50.40
2019-09-21;10195.90;9943.60;10195.90;9999.30;70.02
2019-09-20;10301.00;10101.00;10280.40;10195.90;49.73
2019-09-19;10364.50;9660.10;10182.10;10280.40;193.10
2019-09-18;10273.30;10125.30;10192.00;10182.10;85.71
2019-09-17;10299.90;10155.40;10292.40;10192.00;73.48
2019-09-16;10388.90;10102.10;10299.90;10292.40;83.98
2019-09-15;10393.00;10265.90;10368.20;10299.90;26.35
2019-09-14;10429.90;10251.80;10373.40;10368.20;54.31
2019-09-13;10450.00;10177.50;10406.90;10373.40;86.13
2019-09-12;10443.00;10051.60;10170.00;10406.90;85.66
2019-09-11;10275.40;9886.90;10137.70;10170.00;123.14
2019-09-10;10399.00;9981.00;10311.40;10137.70;91.03
2019-09-09;10500.00;10105.00;10401.90;10311.40;98.71
2019-09-08;10599.90;10262.10;10468.40;10401.90;58.56
2019-09-07;10577.90;10326.60;10326.60;10468.40;85.10
2019-09-06;10911.30;10220.10;10575.00;10326.60;194.59
2019-09-05;10663.20;10450.20;10592.40;10575.00;74.23
2019-09-04;10800.00;10381.00;10647.20;10592.40;136.78
2019-09-03;10750.00;10270.20;10390.00;10647.20;172.68
2019-09-02;10440.00;9748.10;9755.30;10390.00;162.55
2019-09-01;9824.80;9560.10;9620.30;9755.30;53.69
2019-08-31;9683.40;9459.50;9603.90;9620.30;48.78
2019-08-30;9700.00;9385.10;9506.90;9603.90;66.27
2019-08-29;9741.00;9352.20;9741.00;9506.90;164.43
2019-08-28;10299.80;9617.00;10191.40;9741.00;208.05
2019-08-27;10375.30;10050.10;10356.70;10191.40;69.18
2019-08-26;10650.00;10137.50;10145.00;10356.70;135.09
2019-08-25;10300.00;9904.80;10143.00;10145.00;73.67
2019-08-24;10425.00;9916.40;10405.50;10143.00;109.25
2019-08-23;10454.30;10060.60;10154.30;10405.50;80.12
2019-08-22;10250.00;9800.00;10169.30;10154.30;124.96
2019-08-21;10800.00;9900.50;10742.40;10169.30;153.16
2019-08-20;10976.20;10576.10;10925.80;10742.40;130.19
2019-08-19;10941.00;10291.40;10338.90;10925.80;136.98
2019-08-18;10527.00;10096.10;10230.00;10338.90;75.63
2019-08-17;10479.80;10028.90;10365.50;10230.00;88.25
2019-08-16;10541.90;9759.60;10324.40;10365.50;227.55
2019-08-15;10471.90;9560.70;10054.00;10324.40;246.52
2019-08-14;10867.50;9975.80;10847.10;10054.00;227.97
2019-08-13;11461.50;10751.00;11418.00;10847.10;123.04
2019-08-12;11568.30;11271.00;11568.30;11418.00;75.34
2019-08-11;11590.00;11142.70;11316.50;11568.30;58.60
2019-08-10;11944.40;11262.70;11866.80;11316.50;157.02
2019-08-09;12039.80;11665.10;11995.10;11866.80;130.47
2019-08-08;12040.90;11550.00;11927.00;11995.10;120.95
2019-08-07;12149.90;11411.40;11471.20;11927.00;243.72
2019-08-06;12284.20;11216.60;11795.20;11471.20;325.41
2019-08-05;11951.40;10988.40;10995.30;11795.20;307.06
2019-08-04;11065.50;10544.10;10803.50;10995.30;212.41
2019-08-03;10918.90;10501.00;10536.20;10803.50;126.61
2019-08-02;10673.00;10332.20;10400.80;10536.20;144.57
2019-08-01;10494.90;9890.00;10094.70;10400.80;168.46
2019-07-31;10120.00;9581.60;9593.30;10094.70;155.91
2019-07-30;9740.00;9410.80;9520.60;9593.30;147.30
2019-07-29;9708.00;9421.10;9536.40;9520.60;129.18
2019-07-28;9635.40;9163.30;9485.00;9536.40;108.91
2019-07-27;10193.80;9351.00;9869.80;9485.00;317.53
2019-07-26;9905.30;9676.70;9905.30;9869.80;118.83
2019-07-25;10199.70;9769.00;9800.00;9905.30;126.11
2019-07-24;9938.00;9542.40;9870.30;9800.00;212.02
2019-07-23;10382.90;9836.80;10370.00;9870.30;221.41
2019-07-22;10665.90;10130.00;10574.40;10370.00;210.44
2019-07-21;10831.60;10351.50;10724.80;10574.40;192.17
2019-07-20;11050.00;10427.30;10547.30;10724.80;181.33
2019-07-19;10749.90;10182.10;10659.60;10547.30;204.44
2019-07-18;10758.10;9313.10;9693.90;10659.60;377.93
2019-07-17;9987.90;9121.00;9450.80;9693.90;382.02
2019-07-16;11015.30;9400.00;10846.80;9450.80;397.06
2019-07-15;11050.00;9980.00;10239.40;10846.80;467.90
2019-07-14;11472.50;10150.30;11346.70;10239.40;404.66
2019-07-13;11847.10;10862.10;11813.70;11346.70;298.26
2019-07-12;11902.50;11154.30;11378.40;11813.70;265.87
2019-07-11;12135.40;11100.00;12135.40;11378.40;399.77
2019-07-10;13119.90;11576.10;12578.10;12135.40;712.67
2019-07-09;12800.00;12173.70;12300.30;12578.10;460.64
2019-07-08;12380.00;11351.40;11450.10;12300.30;355.26
2019-07-07;11647.20;11156.20;11287.80;11450.10;164.17
2019-07-06;11717.60;11016.00;11016.00;11287.80;176.73
2019-07-05;11482.80;10900.00;11282.80;11016.00;277.40
2019-07-04;12040.00;11200.00;11988.60;11282.80;332.76
2019-07-03;11998.90;10789.70;10789.70;11988.60;542.14
2019-07-02;10937.70;9536.90;10579.00;10789.70;623.91
2019-07-01;11259.90;9950.00;10773.10;10579.00;746.14
2019-06-30;12160.00;10755.60;11891.20;10773.10;591.01
2019-06-29;12430.10;11418.10;12430.10;11891.20;675.48
2019-06-28;12488.40;10860.50;11235.20;12430.10;822.78
2019-06-27;13247.90;10350.20;13140.30;11235.20;1250.37
2019-06-26;13949.00;11600.00;11805.70;13140.30;1434.87
2019-06-25;11809.50;10958.50;10968.70;11805.70;486.81
2019-06-24;11041.00;10601.90;10869.60;10968.70;214.68
2019-06-23;11260.00;10520.30;10728.80;10869.60;285.61
2019-06-22;11181.80;10031.40;10169.20;10728.80;805.43
2019-06-21;10198.10;9504.40;9504.40;10169.20;430.91
2019-06-20;9575.70;9200.10;9278.70;9504.40;224.64
2019-06-19;9315.80;9055.70;9095.20;9278.70;170.62
2019-06-18;9331.20;8958.10;9290.40;9095.20;298.85
2019-06-17;9445.00;8978.20;8980.80;9290.40;246.72
2019-06-16;9348.90;8791.00;8820.50;8980.80;524.71
2019-06-15;8877.70;8612.30;8711.60;8820.50;177.88
2019-06-14;8737.20;8222.00;8298.20;8711.60;219.82
2019-06-13;8350.90;8080.00;8184.90;8298.20;149.22
2019-06-12;8261.20;7870.20;7962.90;8184.90;237.97
2019-06-11;8094.00;7785.10;8064.90;7962.90;161.21
2019-06-10;8096.30;7578.60;7697.30;8064.90;241.87
2019-06-09;8000.00;7550.00;7985.00;7697.30;185.55
2019-06-08;8127.30;7864.20;8084.80;7985.00;104.06
2019-06-07;8167.90;7813.30;7859.00;8084.80;212.61
2019-06-06;7931.00;7550.00;7866.90;7859.00;259.68
2019-06-05;7950.00;7607.60;7749.90;7866.90;306.40
2019-06-04;8226.20;7550.00;8224.10;7749.90;764.40
2019-06-03;8754.20;8173.30;8735.00;8224.10;327.74
2019-06-02;8844.90;8611.40;8633.90;8735.00;202.67
2019-06-01;8727.90;8545.60;8647.80;8633.90;148.48
2019-05-31;8654.90;8218.50;8377.00;8647.80;330.50
2019-05-30;9110.50;8110.00;8707.60;8377.00;497.69
2019-05-29;8787.90;8413.10;8702.20;8707.60;233.07
2019-05-28;8748.90;8587.30;8663.60;8702.20;159.32
2019-05-27;8823.70;8550.00;8613.80;8663.60;307.39
2019-05-26;8681.40;7901.00;8060.00;8613.80;438.96
2019-05-25;8139.90;7972.80;8021.00;8060.00;130.33
2019-05-24;8168.40;7874.50;7929.40;8021.00;248.34
2019-05-23;7994.40;7600.00;7686.80;7929.40;254.39
2019-05-22;8009.80;7600.00;7949.60;7686.80;253.82
2019-05-21;8025.00;7805.00;7950.00;7949.60;221.51
2019-05-20;8171.50;7600.00;8171.50;7950.00;450.56
2019-05-19;8275.80;7369.90;7380.40;8171.50;521.58
2019-05-18;7624.70;7301.60;7470.70;7380.40;300.99
2019-05-17;8060.00;6951.30;8020.60;7470.70;807.91
2019-05-16;8341.70;7850.00;8175.40;8020.60;778.76
2019-05-15;8252.90;7900.00;8005.30;8175.40;306.90
2019-05-14;8405.00;7680.10;7907.10;8005.30;685.50
2019-05-13;8179.40;6901.40;6944.90;7907.10;903.51
2019-05-12;7466.70;6678.00;7057.20;6944.90;774.82
2019-05-11;7269.90;6421.10;6421.10;7057.20;872.20
2019-05-10;6487.10;6211.30;6249.80;6421.10;412.76
2019-05-09;6257.80;5981.80;5982.60;6249.80;261.92
2019-05-08;5992.10;5751.70;5797.60;5982.60;167.14
2019-05-07;5973.20;5757.00;5760.00;5949.90;220.93
2019-05-06;5828.00;5650.00;5794.60;5760.00;263.08
2019-05-05;5841.00;5715.10;5821.50;5794.60;167.37
2019-05-04;5869.10;5550.80;5693.70;5821.50;379.94
2019-05-03;5799.90;5404.90;5436.60;5693.70;467.57
2019-05-02;5448.80;5343.00;5354.20;5436.60;169.00
2019-05-01;5386.60;5299.30;5317.10;5354.20;143.73
2019-04-30;5335.60;5205.00;5255.80;5317.10;289.57
2019-04-29;5300.90;5194.00;5272.50;5255.80;233.24
2019-04-28;5301.40;5230.10;5281.00;5272.50;137.70
2019-04-27;5319.50;5221.00;5243.30;5281.00;83.18
2019-04-26;5400.00;5167.30;5216.90;5243.30;310.15
2019-04-25;5575.60;5105.10;5497.70;5216.90;357.23
2019-04-24;5676.90;5439.80;5574.20;5497.70;297.32
2019-04-23;5641.40;5379.50;5405.80;5574.20;226.30
2019-04-22;5450.00;5308.40;5348.50;5405.80;223.53
2019-04-21;5370.00;5270.10;5365.40;5348.50;109.22
2019-04-20;5370.00;5316.20;5328.70;5365.40;110.37
2019-04-19;5355.90;5270.90;5355.70;5328.70;221.46
2019-04-18;5372.20;5270.90;5307.40;5355.70;150.95
2019-04-17;5330.00;5257.40;5287.30;5307.40;116.87
2019-04-16;5324.80;5133.40;5142.10;5287.30;490.85
2019-04-15;5279.70;5075.90;5247.80;5142.10;318.08
2019-04-14;5274.90;5134.70;5169.00;5247.80;69.43
2019-04-13;5200.00;5141.50;5166.70;5169.00;90.22
2019-04-12;5196.70;5025.00;5142.00;5166.70;134.71
2019-04-11;5413.90;5077.00;5396.20;5142.00;245.69
2019-04-10;5509.70;5256.70;5282.20;5396.20;200.01
2019-04-09;5345.00;5233.20;5345.00;5282.20;154.84
2019-04-08;5364.40;5194.10;5209.70;5345.00;224.49
2019-04-07;5273.30;5101.70;5117.70;5209.70;145.01
2019-04-06;5270.10;5001.00;5079.90;5117.70;164.93
2019-04-05;5100.00;4950.40;4950.40;5079.90;139.19
2019-04-04;5102.30;4835.00;4980.00;4950.40;250.37
2019-04-03;5349.20;4850.00;4962.10;4980.00;792.81
2019-04-02;4981.00;4195.50;4212.00;4962.10;794.67
2019-04-01;4240.50;4120.10;4150.00;4212.00;171.50
2019-03-19;4042.30;4030.20;4036.40;4038.70;3.91
2019-03-18;4059.00;3997.90;4033.10;4036.40;220.58
2019-03-17;4043.20;4009.80;4038.30;4033.10;116.24
2019-03-16;4089.70;3973.80;3980.70;4038.30;163.21
2019-03-15;3983.10;3924.00;3931.00;3980.70;147.86
2019-03-14;3965.90;3865.80;3932.00;3931.00;165.90
2019-03-13;3952.00;3915.60;3933.70;3932.00;175.98
2019-03-12;3957.70;3883.20;3921.80;3933.70;183.07
2019-03-11;3967.00;3879.40;3953.90;3921.80;158.48
2019-03-10;3975.20;3925.00;3973.20;3953.90;126.52
2019-03-09;3992.50;3893.00;3893.00;3973.20;140.98
2019-03-08;3949.00;3806.50;3898.90;3893.00;179.08
2019-03-07;3930.00;3877.10;3903.80;3898.90;161.85
2019-03-06;3945.00;3871.30;3915.20;3903.80;141.21
2019-03-05;3930.00;3775.20;3785.50;3915.20;233.57
2019-03-04;3883.40;3757.70;3865.40;3785.50;473.09
2019-03-03;3891.00;3833.70;3876.00;3865.40;99.75
2019-03-02;3881.90;3831.00;3860.20;3876.00;73.92
2019-03-01;3898.00;3842.70;3847.90;3860.20;133.19
2019-02-28;3936.70;3811.60;3850.80;3847.90;156.01
2019-02-27;3870.60;3729.90;3850.90;3850.80;203.50
2019-02-26;3876.00;3808.00;3869.80;3850.90;139.46
2019-02-25;3898.10;3765.50;3765.50;3869.80;226.10
2019-02-24;4194.20;3750.00;4111.00;3765.50;836.87
2019-02-23;4150.00;3937.50;3957.90;4111.00;242.37
2019-02-22;3943.50;3922.70;3926.10;3943.50;6.40
2019-02-21;4036.90;3917.90;3994.80;3928.60;311.49
2019-02-20;4000.00;3913.10;3945.60;3994.80;155.82
2019-02-19;4000.00;3882.90;3904.10;3945.60;230.36
2019-02-18;3933.60;3641.20;3668.00;3904.10;578.50
2019-02-17;3787.90;3600.00;3697.20;3668.00;482.65
2019-02-16;3710.00;3681.20;3682.30;3697.20;99.96
2019-02-15;3710.00;3658.70;3677.20;3682.30;133.62
2019-02-14;3699.90;3658.60;3684.90;3677.20;159.07
2019-02-13;3726.70;3667.20;3696.00;3684.90;110.31
2019-02-12;3726.80;3658.60;3698.90;3696.00;140.44
2019-02-11;3751.90;3670.00;3751.90;3698.90;169.32
2019-02-10;3751.90;3673.40;3709.50;3751.90;143.12
2019-02-09;3742.00;3684.00;3722.30;3709.50;176.33
2019-02-08;3802.50;3477.60;3481.80;3722.30;413.35
2019-02-07;3499.00;3468.90;3482.30;3481.80;143.79
2019-02-06;3537.00;3451.50;3525.00;3482.30;179.22
2019-02-05;3525.00;3498.10;3505.90;3525.00;95.88
2019-02-04;3518.90;3488.10;3495.10;3505.90;94.50
2019-02-03;3544.60;3480.00;3544.60;3495.10;136.25
2019-02-02;3552.50;3489.10;3501.60;3544.60;95.27
2019-02-01;3520.00;3460.20;3493.60;3501.60;159.65
2019-01-31;3542.20;3466.80;3505.50;3493.60;180.29
2019-01-30;3525.00;3434.80;3459.40;3505.50;182.88
2019-01-29;3500.10;3410.60;3493.00;3459.40;167.94
2019-01-28;3598.90;3450.50;3598.80;3493.00;360.92
2019-01-27;3633.90;3538.60;3613.50;3598.80;199.62
2019-01-26;3697.90;3585.00;3612.00;3613.50;248.40
2019-01-25;3621.00;3564.70;3613.00;3612.00;182.38
2019-01-24;3629.50;3574.90;3590.00;3613.00;183.25
2019-01-23;3650.00;3571.00;3623.60;3590.00;208.28
2019-01-22;3652.30;3517.70;3597.90;3623.60;351.52
2019-01-21;3627.90;3553.90;3602.00;3597.90;175.10
2019-01-20;3753.40;3541.50;3738.50;3602.00;294.65
2019-01-19;3812.80;3675.10;3682.40;3738.50;252.97
2019-01-18;3710.90;3646.40;3709.80;3682.40;493.80
2019-01-17;3723.70;3630.10;3672.60;3709.80;552.90
2019-01-16;3735.10;3652.10;3670.70;3672.60;396.30
2019-01-15;3748.20;3637.30;3721.80;3670.70;252.59
2019-01-14;3791.30;3579.40;3590.50;3721.80;349.00
2019-01-13;3721.90;3570.00;3720.00;3590.50;271.68
2019-01-12;3759.60;3677.20;3751.90;3720.00;155.34
2019-01-11;3783.30;3689.20;3715.00;3751.90;267.32
2019-01-10;4081.90;3666.30;4048.80;3715.00;478.57
2019-01-09;4093.00;4015.00;4044.40;4048.80;173.79
2019-01-08;4138.70;4000.00;4045.30;4044.40;230.58
2019-01-07;4100.00;4000.00;4086.10;4045.30;374.03
2019-01-06;4121.00;3840.60;3865.10;4086.10;312.46
2019-01-05;3949.00;3849.90;3911.70;3865.10;191.18
2019-01-04;3931.30;3807.00;3883.10;3911.70;178.48
2019-01-03;3990.50;3841.10;3971.50;3883.10;206.13
2019-01-02;4000.00;3893.80;3942.70;3971.50;271.87
2019-01-01;3965.90;3777.30;3830.50;3942.70;191.01
2018-12-31;3954.70;3780.00;3941.40;3830.50;247.30
2018-12-30;3965.60;3770.30;3815.60;3941.40;409.87
2018-12-29;4021.00;3800.00;3981.60;3815.60;586.55
2018-12-28;4064.40;3710.80;3722.60;3981.60;914.08
2018-12-27;3954.80;3696.00;3929.80;3722.60;335.31
2018-12-26;3976.00;3823.80;3896.20;3929.80;312.29
2018-12-25;4111.60;3790.50;4090.50;3896.20;444.46
2018-12-24;4274.20;3993.80;3993.80;4090.50;969.43
2018-12-23;4099.80;3950.20;4047.40;3993.80;582.36
2018-12-22;4067.30;3849.10;3894.20;4047.40;567.89
2018-12-21;4184.90;3820.00;4106.80;3894.20;910.89
2018-12-20;4194.20;3701.20;3731.20;4106.80;1135.10
2018-12-19;3987.80;3664.50;3686.80;3731.20;1018.90
2018-12-18;3699.70;3480.50;3544.60;3686.80;733.98
2018-12-17;3625.40;3264.50;3280.00;3544.60;862.58
2018-12-16;3325.70;3248.10;3255.20;3280.00;546.59
2018-12-15;3294.00;3200.00;3243.70;3255.20;612.36
2018-12-14;3368.20;3205.00;3330.50;3243.70;761.24
2018-12-13;3485.00;3296.50;3477.50;3330.50;609.25
2018-12-12;3548.60;3392.10;3425.00;3477.50;630.86
2018-12-11;3491.40;3371.60;3466.50;3421.20;598.60
2018-12-10;3639.20;3406.10;3579.80;3466.50;752.07
2018-12-09;3679.20;3430.00;3464.10;3579.80;832.42
2018-12-08;3542.20;3330.00;3451.20;3464.10;930.46
2018-12-07;3624.20;3301.10;3528.70;3451.20;1372.50
2018-12-06;3916.30;3521.00;3776.30;3528.70;1223.58
2018-12-05;3954.50;3755.00;3942.30;3776.30;591.16
2018-12-04;4062.00;3800.00;3885.70;3942.30;851.76
2018-12-03;4172.30;3813.50;4163.20;3885.70;847.35
2018-12-02;4290.00;4090.00;4178.40;4163.20;530.48
2018-12-01;4288.20;3965.00;4023.60;4178.40;693.10
2018-11-30;4320.00;3916.10;4278.10;4018.80;917.27
2018-11-29;4438.20;4106.90;4250.20;4278.10;929.21
2018-11-28;4400.00;3843.50;3847.10;4250.20;1323.57
2018-11-27;3900.00;3680.00;3856.30;3847.10;1256.57
2018-11-26;4186.00;3673.40;4059.50;3856.30;1845.88
2018-11-25;4309.70;3535.10;3884.20;4059.50;1879.68
2018-11-24;4470.00;3800.00;4377.70;3884.20;1115.07
2018-11-23;4479.00;4225.50;4358.20;4377.70;1080.45
2018-11-22;4695.00;4353.10;4661.50;4358.20;787.56
2018-11-21;4749.50;4341.50;4494.20;4661.50;1128.29
2018-11-20;4949.40;4230.10;4807.60;4494.20;2025.14
2018-11-19;5621.60;4670.00;5612.80;4807.60;1378.34
2018-11-18;5689.80;5580.60;5580.60;5612.80;533.01
2018-11-17;5654.80;5560.10;5640.60;5580.60;528.68
2018-11-16;5755.00;5559.00;5727.70;5640.60;678.29
2018-11-15;5858.90;5200.00;5809.90;5727.70;949.05
2018-11-14;6364.10;5547.60;6329.90;5809.90;1262.52
2018-11-13;6381.20;6312.20;6355.90;6329.90;555.57
2018-11-12;6399.20;6339.30;6373.50;6355.90;468.81
2018-11-11;6376.10;6302.00;6365.90;6373.50;516.65
2018-11-10;6407.20;6354.40;6360.80;6365.90;499.44
2018-11-09;6423.10;6351.10;6408.70;6360.80;546.77
2018-11-08;6496.00;6395.00;6489.00;6408.70;568.88
2018-11-07;6530.00;6446.30;6451.60;6489.00;585.52
2018-11-06;6452.50;6402.80;6429.50;6451.60;633.37
2018-11-05;6473.00;6420.00;6451.60;6429.50;556.55
2018-11-04;6500.00;6371.40;6391.90;6451.60;557.64
2018-11-03;6440.20;6380.00;6434.70;6391.90;535.49
2018-11-02;6458.50;6400.30;6405.80;6434.70;533.24
2018-11-01;6449.80;6390.10;6407.70;6405.80;586.37
2018-10-31;6499.40;6320.00;6387.00;6407.70;528.12
2018-10-30;6411.00;6376.50;6382.20;6387.00;480.20
2018-10-29;6530.00;6370.00;6504.90;6382.20;584.69
2018-10-28;6514.30;6477.20;6507.90;6504.90;445.34
2018-10-27;6644.20;6480.20;6481.50;6507.90;586.25
2018-10-26;6559.90;6476.40;6517.90;6481.50;495.13
2018-10-25;6566.20;6515.00;6550.10;6517.90;519.98
2018-10-24;6569.00;6522.80;6528.40;6550.10;506.57
2018-10-23;6576.00;6509.80;6566.10;6528.40;515.69
2018-10-22;6579.70;6530.70;6557.90;6566.10;551.68
2018-10-21;6589.00;6537.00;6537.70;6557.90;447.89
2018-10-20;6589.00;6520.00;6532.70;6537.70;466.49
2018-10-19;6629.20;6521.10;6574.60;6532.70;546.60
2018-10-18;6675.40;6561.70;6641.20;6574.60;558.69
2018-10-17;6687.90;6562.90;6665.90;6641.20;481.11
2018-10-16;6641.10;6621.90;6641.10;6621.90;0.00
2018-10-15;7100.00;6300.10;6337.60;6641.10;1598.18
2018-10-14;6397.90;6312.00;6324.70;6337.60;375.62
2018-10-13;6340.00;6300.10;6317.80;6324.70;355.77
2018-10-12;6346.00;6228.00;6277.40;6317.80;490.97
2018-10-11;6629.70;6240.00;6621.30;6277.40;883.91
2018-10-10;6648.90;6550.00;6640.30;6621.30;528.90
2018-10-09;6674.00;6595.00;6657.50;6640.30;241.25
2018-10-08;6679.80;6543.20;6574.00;6657.50;331.85
2018-10-07;6600.00;6520.00;6572.60;6574.00;248.47
2018-10-06;6617.30;6540.00;6609.10;6572.60;162.85
2018-10-05;6645.00;6540.00;6557.20;6609.10;230.76
2018-10-04;6590.00;6465.10;6482.00;6557.20;257.50
2018-10-03;6550.00;6450.00;6537.00;6482.00;370.97
2018-10-02;6614.50;6500.00;6588.60;6537.00;336.29
2018-10-01;6645.00;6510.00;6607.80;6588.60;404.21
2018-09-30;6650.00;6540.30;6617.10;6607.80;240.41
2018-09-29;6655.30;6500.10;6655.30;6617.10;284.40
2018-09-28;6768.00;6570.20;6678.40;6655.30;539.14
2018-09-27;6748.90;6449.40;6473.10;6678.40;376.41
2018-09-26;6536.40;6387.60;6443.00;6473.10;418.43
2018-09-25;6579.00;6348.00;6579.00;6443.00;384.00
2018-09-24;6697.70;6541.00;6672.40;6579.00;337.07
2018-09-23;6775.20;6635.00;6695.60;6672.40;326.23
2018-09-22;6820.30;6605.90;6745.90;6695.60;556.97
2018-09-21;6792.10;6448.30;6454.20;6745.90;865.35
2018-09-20;6512.90;6327.70;6367.30;6454.20;475.74
2018-09-19;6466.10;6118.10;6344.90;6367.30;700.75
2018-09-18;6399.70;6244.30;6271.50;6344.90;829.19
2018-09-17;6537.60;6230.00;6518.00;6271.50;439.22
2018-09-16;6541.70;6388.60;6522.60;6518.00;298.03
2018-09-15;6560.00;6466.70;6478.40;6522.60;234.07
2018-09-14;6572.00;6363.40;6478.50;6478.40;343.17
2018-09-13;6536.50;6332.30;6332.30;6478.50;424.03
2018-09-12;6347.00;6211.00;6290.70;6332.30;306.47
2018-09-11;6429.90;6200.00;6332.80;6290.70;313.66
2018-09-10;6416.00;6287.00;6302.60;6332.80;320.53
2018-09-09;6475.00;6205.10;6231.10;6302.60;335.21
2018-09-08;6475.00;6200.00;6415.00;6231.10;461.15
2018-09-07;6579.80;6356.60;6516.40;6415.00;428.08
2018-09-06;6690.10;6267.90;6654.30;6516.40;891.56
2018-09-05;7337.50;6653.10;7289.10;6654.30;766.16
2018-09-04;7323.00;7160.00;7175.30;7289.10;302.52
2018-09-03;7258.00;7111.40;7181.70;7175.30;334.65
2018-09-02;7270.00;7085.10;7122.10;7181.70;259.16
2018-09-01;7199.90;6945.10;6946.50;7122.10;352.13
2018-08-31;7035.80;6850.00;6949.80;6946.50;341.41
2018-08-30;7014.40;6783.60;7000.00;6949.80;356.56
2018-08-29;7099.80;6884.60;7022.00;7000.00;368.46
2018-08-28;7061.90;6803.00;6837.50;7022.00;468.01
2018-08-27;6873.90;6656.60;6715.00;6837.50;212.53
2018-08-26;6743.90;6574.00;6713.40;6715.00;139.73
2018-08-25;6777.50;6634.50;6654.80;6713.40;235.85
2018-08-24;6682.20;6450.10;6522.10;6654.80;255.71
2018-08-23;6558.60;6372.10;6372.30;6522.10;267.55
2018-08-22;6867.00;6280.50;6482.90;6372.30;735.18
2018-08-21;6499.00;6289.20;6295.30;6482.90;275.71
2018-08-20;6524.90;6260.00;6475.40;6295.30;295.86
2018-08-19;6550.00;6333.40;6408.10;6475.40;254.80
2018-08-18;6618.80;6302.00;6569.80;6408.10;372.75
2018-08-17;6571.00;6323.10;6348.70;6569.80;566.55
2018-08-16;6489.50;6255.00;6310.20;6348.70;421.42
2018-08-15;6639.90;6219.30;6219.30;6310.20;671.57
2018-08-14;6333.10;5941.70;6306.50;6219.30;650.42
2018-08-13;6587.00;6163.50;6337.30;6306.50;479.77
2018-08-12;6156.00;6156.00;6156.00;6156.00;0.00
2018-08-11;6228.90;6040.10;6169.40;6156.00;214.88
2018-08-10;6597.60;6018.70;6551.80;6169.40;675.84
2018-08-09;6648.90;6203.40;6353.90;6551.80;614.33
2018-08-08;6743.80;6121.00;6735.60;6309.40;963.36
2018-08-07;7135.40;6700.00;6949.60;6735.60;551.60
2018-08-06;7184.50;6853.40;7024.60;6949.60;452.28
2018-08-05;7111.30;6909.40;7023.90;7024.60;490.03
2018-08-04;7494.80;6926.20;7401.00;7023.90;673.67
2018-08-03;7559.90;7320.40;7559.90;7401.00;409.93
2018-08-02;7728.00;7491.00;7630.00;7559.90;150.87
2018-08-01;7816.40;7491.00;7816.40;7630.00;504.14
2018-07-31;8131.20;7633.20;8131.20;7816.40;1062.29
2018-07-30;8199.00;7855.00;8157.20;8131.20;1361.53
2018-07-29;8189.00;8066.80;8136.00;8157.20;77.95
2018-07-28;8150.00;8034.00;8081.90;8136.00;145.62
2018-07-27;8179.90;7711.00;7872.00;8081.90;337.16
2018-07-26;8218.80;7800.00;8093.00;7872.00;296.41
2018-07-25;8374.00;7907.30;8287.80;8093.00;549.62
2018-07-24;8358.30;7636.30;7658.40;8287.80;582.33
2018-07-23;7725.00;7366.20;7373.00;7658.40;341.29
2018-07-22;7520.00;7310.10;7383.20;7373.00;130.55
2018-07-21;7428.90;7225.00;7319.90;7383.20;110.51
2018-07-20;7631.30;7250.20;7426.20;7319.90;301.42
2018-07-19;7482.90;7252.40;7340.90;7426.20;227.85
2018-07-18;7500.00;7191.60;7251.10;7340.90;419.44
2018-07-17;7379.90;6621.90;6689.10;7251.10;621.09
2018-07-16;6700.00;6341.00;6352.60;6689.10;329.97
2018-07-15;6390.00;6228.20;6261.40;6352.60;136.93
2018-07-14;6331.90;6200.10;6217.80;6261.40;127.83
2018-07-13;6363.30;6126.70;6255.30;6217.80;224.39
2018-07-12;6387.20;6103.20;6382.10;6255.30;249.64
2018-07-11;6424.90;6300.00;6330.00;6382.10;218.27
2018-07-10;6662.70;6315.30;6641.20;6330.00;314.89
2018-07-09;6750.00;6611.30;6692.90;6641.20;158.04
2018-07-08;6773.60;6677.00;6712.20;6692.90;201.15
2018-07-07;6741.80;6531.10;6593.50;6712.20;178.80
2018-07-06;6657.40;6460.20;6563.90;6593.50;233.42
2018-07-05;6690.00;6465.00;6562.00;6563.90;247.28
2018-07-04;6741.70;6447.00;6506.10;6562.00;304.40
2018-07-03;6672.80;6478.00;6651.50;6506.10;294.04
2018-07-02;6683.80;6306.90;6366.50;6651.50;407.86
2018-07-01;6448.20;6263.70;6407.30;6366.50;156.88
2018-06-30;6462.20;6224.50;6242.00;6407.30;391.31
2018-06-29;6339.00;5880.00;5946.40;6242.00;431.95
2018-06-28;6224.00;5920.10;6199.80;5946.40;260.23
2018-06-27;6225.00;6099.40;6126.10;6199.80;254.18
2018-06-26;6347.50;6126.10;6317.90;6126.10;271.16
2018-06-25;6418.70;6152.90;6224.40;6317.90;485.30
2018-06-24;6335.70;5830.80;6211.70;6224.40;759.52
2018-06-23;6289.00;6100.00;6162.10;6211.70;257.74
2018-06-22;6739.90;6031.10;6737.60;6162.10;794.30
2018-06-21;6791.70;6701.00;6749.90;6737.60;140.55
2018-06-20;6820.00;6600.00;6767.80;6749.90;295.76
2018-06-19;6892.00;6686.90;6750.40;6767.80;248.68
2018-06-18;6805.70;6483.00;6558.90;6750.40;473.95
2018-06-17;6644.60;6494.90;6584.10;6558.90;168.23
2018-06-16;6671.00;6430.10;6470.10;6584.10;196.64
2018-06-15;6730.00;6455.10;6719.90;6470.10;331.66
2018-06-14;6789.00;6408.20;6414.20;6719.90;471.29
2018-06-13;6777.00;6305.00;6663.00;6414.20;603.86
2018-06-12;6980.00;6602.80;6963.90;6663.00;547.44
2018-06-11;6980.00;6783.00;6907.10;6963.90;573.43
2018-06-10;7550.00;6801.00;7543.50;6907.10;1096.09
2018-06-09;7688.10;7518.40;7649.10;7543.50;166.49
2018-06-08;7700.00;7550.00;7688.40;7649.10;211.63
2018-06-07;7750.00;7654.70;7654.70;7688.40;229.86
2018-06-06;7699.00;7515.00;7636.60;7654.70;359.22
2018-06-05;7700.00;7435.10;7578.50;7636.60;424.38
2018-06-04;7757.90;7500.00;7717.00;7578.50;424.94
2018-06-03;7779.80;7650.00;7682.60;7717.00;359.38
2018-06-02;7753.70;7525.00;7586.40;7682.60;233.80
2018-06-01;7721.80;7400.00;7534.70;7586.40;370.72
2018-05-31;7668.80;7400.60;7436.40;7534.70;363.99
2018-05-30;7643.60;7321.90;7544.90;7436.40;316.78
2018-05-29;7595.00;7156.00;7209.70;7544.90;544.56
2018-05-28;7541.10;7168.10;7472.80;7209.70;668.81
2018-05-27;7497.80;7348.00;7454.20;7472.80;312.16
2018-05-26;7725.20;7400.00;7557.70;7454.20;257.58
2018-05-25;7700.60;7451.10;7646.60;7557.70;470.31
2018-05-24;7872.80;7376.20;7644.70;7646.60;775.42
2018-05-23;8140.40;7587.00;8094.30;7644.70;761.74
2018-05-22;8500.00;8069.40;8487.00;8094.30;399.26
2018-05-21;8710.70;8381.60;8619.60;8487.00;382.63
2018-05-20;8682.50;8279.00;8324.70;8619.60;403.14
2018-05-19;8438.70;8220.00;8323.90;8324.70;325.66
2018-05-18;8385.20;8101.10;8200.60;8323.90;400.94
2018-05-17;8550.00;8194.30;8442.70;8200.60;586.62
2018-05-16;8609.90;8254.60;8591.40;8442.70;852.07
2018-05-15;8880.00;8530.10;8704.50;8591.40;467.27
2018-05-14;8927.60;8490.10;8835.00;8704.50;765.99
2018-05-13;8918.80;8545.00;8615.80;8835.00;472.24
2018-05-12;8809.90;8410.00;8529.60;8615.80;786.58
2018-05-11;9121.30;8500.20;9095.80;8529.60;1049.41
2018-05-10;9396.80;9063.10;9332.00;9095.80;482.50
2018-05-09;9379.30;9057.20;9236.70;9332.00;479.99
2018-05-08;9499.90;9110.00;9384.70;9236.70;654.21
2018-05-07;9645.30;9226.00;9639.80;9384.70;520.62
2018-05-06;9858.10;9450.10;9783.80;9639.80;504.32
2018-05-05;9900.00;9630.80;9664.90;9783.80;677.53
2018-05-04;9749.00;9473.00;9680.00;9664.90;568.54
2018-05-03;9700.00;9146.20;9184.50;9680.00;839.62
2018-05-02;9209.40;9000.00;9058.90;9184.50;351.92
2018-05-01;9275.70;8877.10;9274.60;9058.90;540.29
2018-04-30;9420.20;9170.00;9398.00;9274.60;437.14
2018-04-29;9474.90;9227.00;9349.00;9398.00;468.64
2018-04-28;9449.00;8943.20;8993.50;9349.00;585.93
2018-04-27;9390.00;8940.10;9278.40;8993.50;810.99
2018-04-26;9300.00;8700.00;8912.70;9278.40;731.30
2018-04-25;9725.00;8800.00;9629.00;8912.70;1461.28
2018-04-24;9699.00;8912.30;8945.50;9629.00;1078.02
2018-04-23;8997.00;8783.00;8824.20;8945.50;385.35
2018-04-22;9054.80;8760.00;8890.30;8824.20;627.42
2018-04-21;9120.00;8600.00;8871.30;8890.30;946.70
2018-04-20;8942.50;8215.30;8276.70;8871.30;948.74
2018-04-19;8317.00;8102.00;8155.60;8276.70;512.32
2018-04-18;8200.00;7903.60;7926.90;8155.60;669.58
2018-04-17;8177.90;7830.90;8040.00;7926.90;620.93
2018-04-16;8380.00;7900.00;8308.20;8040.00;793.12
2018-04-15;8387.90;7988.50;7988.50;8308.20;600.50
2018-04-14;8150.00;7840.10;7862.40;7988.50;685.11
2018-04-13;8234.20;7715.60;7924.10;7862.40;1263.93
2018-04-12;7984.00;6734.00;6944.30;7924.10;2193.66
2018-04-11;6950.00;6781.00;6841.30;6944.30;286.51
2018-04-10;6874.90;6681.10;6772.80;6841.30;428.43
2018-04-09;7140.00;6646.90;6988.10;6772.80;919.69
2018-04-08;7079.70;6869.50;6884.20;6988.10;436.84
2018-04-07;7060.00;6644.10;6644.10;6884.20;740.02
2018-04-06;6922.50;6539.00;6829.90;6644.10;705.68
2018-04-05;7000.00;6677.00;6894.30;6829.90;1119.84
2018-04-04;7501.30;6801.00;7488.80;6894.30;1424.60
2018-04-03;7659.70;7080.50;7109.40;7488.80;1099.91
2018-04-02;7238.70;6852.90;6910.50;7109.40;918.23
2018-04-01;7117.10;6538.40;6997.40;6910.50;1230.00
2018-03-31;7300.00;6900.10;6974.00;6997.40;959.50
2018-03-30;7458.00;6700.00;7222.00;6974.00;2153.43
2018-03-29;8124.00;7101.20;8111.50;7222.00;1595.70
2018-03-28;8250.00;7936.00;7978.90;8111.50;632.46
2018-03-27;8389.70;7935.00;8307.70;7978.90;1111.23
2018-03-26;8626.50;7986.80;8545.00;8307.70;1291.10
2018-03-25;8824.60;8500.00;8678.90;8545.00;845.47
2018-03-24;9075.30;8650.00;8977.00;8678.90;925.83
2018-03-23;8995.00;8310.30;8815.10;8977.00;1075.61
2018-03-22;9195.80;8600.00;9072.90;8815.10;1048.01
2018-03-21;9304.50;8795.20;9006.30;9072.90;1301.53
2018-03-20;9194.00;8440.00;8700.50;9006.30;1215.11
2018-03-19;8881.20;8251.60;8356.10;8700.50;2108.14
2018-03-18;8399.70;7469.10;8052.80;8356.10;2517.64
2018-03-17;8505.10;7907.50;8400.00;8052.80;1331.60
2018-03-16;8740.00;8120.10;8455.20;8400.00;1217.75
2018-03-15;8599.90;7880.10;8387.20;8455.20;2279.82
2018-03-14;9576.80;8042.30;9334.00;8387.20;2035.96
2018-03-13;9718.20;9069.00;9329.80;9334.00;1720.13
2018-03-12;10148.40;9011.00;9790.00;9329.80;2553.75
2018-03-11;9953.40;8730.20;9069.10;9790.00;2369.62
2018-03-10;9845.70;8950.00;9546.80;9069.10;1581.14
2018-03-09;9727.70;8646.90;9627.30;9546.80;3382.66
2018-03-08;10414.30;9400.10;10265.00;9627.30;1799.88
2018-03-07;11094.10;9653.10;10923.90;10265.00;1876.49
2018-03-06;11573.40;10800.00;11505.00;10923.90;1533.99
2018-03-05;11750.00;11501.30;11630.40;11505.00;920.51
2018-03-04;11677.60;11250.10;11609.70;11630.40;903.30
2018-03-03;11703.40;11219.10;11236.70;11609.70;1157.11
2018-03-02;11300.00;10938.90;11052.70;11236.70;1296.55
2018-03-01;11178.30;10452.80;10541.00;11052.70;1100.82
2018-02-28;11284.50;10493.30;10700.40;10541.00;1469.79
2018-02-27;11088.10;10351.00;10455.50;10700.40;1291.02
2018-02-26;10615.00;9567.50;9769.30;10455.50;1779.95
2018-02-25;10100.00;9521.10;9887.80;9769.30;1162.38
2018-02-24;10680.00;9555.00;10300.20;9887.80;1706.01
2018-02-23;10550.00;9827.00;10055.00;10300.20;1989.50
2018-02-22;11124.50;9850.30;10674.50;10055.00;2328.86
2018-02-21;11628.00;10405.00;11509.90;10674.50;2848.07
2018-02-20;12021.30;11350.00;11376.00;11509.90;2316.01
2018-02-19;11431.30;10600.00;10691.20;11376.00;1930.88
2018-02-18;11536.80;10387.00;11286.10;10691.20;2275.79
2018-02-17;11395.40;10216.60;10351.90;11286.10;1967.17
2018-02-16;10500.00;9940.30;10234.00;10351.90;1809.40
2018-02-15;10398.70;9522.40;9679.10;10234.00;2745.74
2018-02-14;9699.80;8772.40;8778.20;9679.10;1987.94
2018-02-13;9050.00;8575.20;9000.00;8778.20;1608.16
2018-02-12;9079.90;8241.20;8252.00;9000.00;2031.78
2018-02-11;8696.10;8058.40;8692.80;8252.00;2038.37
2018-02-10;9199.70;8315.00;8789.10;8692.80;2550.81
2018-02-09;8868.60;8065.90;8494.30;8789.10;2579.58
2018-02-08;8900.00;7813.90;7873.20;8494.30;3318.15
2018-02-07;8910.40;7505.10;7967.10;7873.20;3969.97
2018-02-06;8400.00;6115.00;7065.90;7967.10;6719.44
2018-02-05;8799.00;6700.00;8615.20;7065.90;4736.54
2018-02-04;9800.00;8300.00;9528.30;8615.20;2469.16
2018-02-03;9858.20;8500.10;9162.20;9528.30;1999.15
2018-02-02;9600.00;7500.00;9318.00;9162.20;4612.80
2018-02-01;10733.00;8368.80;10715.00;9318.00;3076.59
2018-01-31;10902.50;10258.72;10715.90;10715.00;1495.30
2018-01-30;11821.70;10501.00;11774.30;10715.90;2074.06
2018-01-29;12200.00;11570.00;12105.20;11774.30;1066.95
2018-01-28;12299.90;11750.00;11857.90;12105.20;999.87
2018-01-27;12099.00;11500.00;11721.10;11857.90;1254.69
2018-01-26;12188.00;10955.00;11709.90;11721.10;1719.18
2018-01-25;12348.00;11608.30;12110.00;11709.90;1308.88
2018-01-24;12150.00;11250.00;11581.90;12110.00;1633.43
2018-01-23;12130.60;10658.90;11608.90;11581.90;1811.19
2018-01-22;12800.00;10830.62;12315.18;11608.90;1811.88
2018-01-21;13591.71;11963.65;13591.71;12315.18;1652.57
2018-01-20;13780.50;12238.96;12251.88;13591.71;1371.28
2018-01-19;12700.00;11621.91;11965.63;12251.88;1421.06
2018-01-18;12740.00;11400.00;11835.23;11965.63;3012.52
2018-01-17;12490.00;9653.73;11975.04;11835.23;5010.64
2018-01-16;14737.31;10010.00;14734.70;11975.04;5535.97
2018-01-15;15262.55;14602.19;14855.90;14734.70;941.01
2018-01-14;15525.45;14527.79;15360.00;14855.90;851.82
2018-01-13;15679.85;15058.91;15143.09;15360.00;876.46
2018-01-12;15499.00;14255.00;14554.52;15143.09;1091.54
2018-01-11;16300.00;14255.01;16269.09;14554.52;2367.07
2018-01-10;16276.45;14200.00;15999.41;16269.09;1871.54
2018-01-09;17130.00;15715.14;16663.65;15999.41;1488.56
2018-01-08;17857.66;15775.66;17692.08;16663.65;1983.96
2018-01-07;18364.99;17350.04;18324.85;17692.08;1151.25
2018-01-06;18379.96;17510.02;18187.90;18324.85;1294.68
2018-01-05;18380.00;16059.84;16250.00;18187.90;2197.46
2018-01-04;16300.00;15500.00;16041.00;16250.00;1660.81
2018-01-03;16560.98;15400.00;16010.00;16041.00;1737.32
2018-01-02;16700.00;14673.96;15222.02;16010.00;1935.47
2018-01-01;15599.02;14551.34;15473.67;15222.02;1356.12
2017-12-31;15878.39;13767.16;14040.12;15473.67;2072.01
2017-12-30;15245.00;13500.00;15176.34;14040.12;2856.27
2017-12-29;16300.00;14605.00;15899.85;15176.34;1937.77
2017-12-28;17161.65;15500.00;17145.61;15899.85;2341.27
2017-12-27;17750.00;16300.00;17279.86;17145.61;2112.26
2017-12-26;17760.00;15665.06;15756.00;17279.86;2731.00
2017-12-25;16200.00;15120.01;16004.73;15756.00;2122.08
2017-12-24;16881.63;14124.01;16771.94;16004.73;3814.72
2017-12-23;17900.00;15051.30;15299.24;16771.94;3272.34
2017-12-22;17587.99;12550.00;17474.33;15299.24;8250.87
2017-12-21;18800.00;16381.33;18291.34;17474.33;2869.85
2017-12-20;19790.70;17000.00;19538.32;18291.34;3773.47
2017-12-19;20775.00;18506.00;20568.98;19538.32;2257.20
2017-12-18;20957.69;19764.01;20649.97;20568.98;1540.59
2017-12-17;21283.69;20130.00;20655.03;20649.97;1778.75
2017-12-16;20887.67;18543.94;18688.08;20655.03;1676.47
2017-12-15;18999.00;17156.85;17222.40;18688.08;2047.51
2017-12-14;17650.00;16958.02;17195.20;17222.40;1497.74
2017-12-13;17780.00;16586.10;17550.00;17195.20;1998.94
2017-12-12;17920.00;17050.01;17252.28;17550.00;2149.74
2017-12-11;17989.00;15925.04;15956.70;17252.28;2927.28
2017-12-10;16899.00;14011.99;15687.00;15956.70;4659.29
2017-12-09;17065.01;13040.35;16900.98;15687.00;3887.19
2017-12-08;18266.12;14100.00;17483.89;16900.98;4971.86
2017-12-07;17500.00;14441.41;14855.08;17483.89;5197.41
2017-12-06;14855.11;12342.80;12343.20;14855.08;2808.20
2017-12-05;12399.00;12048.28;12149.00;12343.20;1374.11
2017-12-04;12150.00;11610.00;11870.76;12149.00;2285.42
2017-12-03;12259.81;11114.97;11420.30;11870.76;3065.58
2017-12-02;11687.00;11099.77;11293.64;11420.30;2094.77
2017-12-01;11410.99;9910.00;10319.94;11293.64;3000.38
2017-11-30;11311.00;9400.00;10520.96;10319.94;4774.86
2017-11-29;11900.00;8502.00;10169.75;10520.96;6984.66
2017-11-28;10299.00;9818.00;9900.01;10169.75;1938.92
2017-11-27;9949.00;9371.90;9372.00;9900.01;2120.80
2017-11-26;9569.59;8767.90;8767.90;9372.00;2297.88
2017-11-25;8777.00;8220.89;8227.09;8767.90;1005.75
2017-11-24;8350.00;8050.50;8102.01;8227.09;964.29
2017-11-23;8348.00;8102.01;8287.36;8102.01;1032.37
2017-11-22;8360.00;8150.05;8209.01;8287.36;1144.17
2017-11-21;8370.00;7950.00;8266.37;8209.01;2061.09
2017-11-20;8305.00;8002.77;8042.61;8266.37;1303.45
2017-11-19;8120.00;7792.01;7845.00;8042.61;1109.94
2017-11-18;7923.22;7700.00;7864.90;7845.00;1278.78
2017-11-17;8110.00;7661.54;7958.32;7864.90;2542.28
2017-11-16;8057.19;7321.00;7488.09;7958.32;3238.45
2017-11-15;7528.64;6811.44;6813.99;7488.09;3080.13
2017-11-14;6950.00;6641.75;6775.00;6813.99;1619.48
2017-11-13;7049.00;6009.00;6100.28;6775.00;4194.48
2017-11-12;6800.00;5650.00;6598.36;6100.28;6661.08
2017-11-11;6998.38;6401.05;6744.98;6598.36;2857.60
2017-11-10;7442.00;6525.10;7288.00;6744.98;3138.05
2017-11-09;7500.00;7225.00;7489.33;7288.00;872.67
2017-11-08;7800.00;7140.00;7287.72;7489.33;1575.54
2017-11-07;7456.12;7163.80;7252.44;7287.72;654.19
2017-11-06;7668.06;7080.01;7644.73;7252.44;2285.46
2017-11-05;7779.90;7420.00;7485.75;7644.73;1745.22
2017-11-04;7550.00;7100.00;7280.10;7485.75;1430.64
2017-11-03;7606.62;7050.01;7166.33;7280.10;2422.48
2017-11-02;7694.20;6772.44;6799.90;7166.33;3887.58
2017-11-01;6800.00;6360.68;6441.52;6799.90;1781.35
2017-10-31;6460.89;6105.79;6125.59;6441.52;1318.27
2017-10-30;6200.00;6050.00;6130.22;6125.59;841.30
2017-10-29;6190.00;5805.00;5833.10;6130.22;1307.56
2017-10-28;5920.00;5780.00;5825.00;5833.10;669.13
2017-10-27;6050.00;5792.00;5950.16;5825.00;843.53
2017-10-26;6000.00;5741.15;5798.92;5950.16;1376.37
2017-10-25;5800.00;5445.02;5568.00;5798.92;1356.51
2017-10-24;6025.00;5512.83;5974.35;5568.00;1709.32
2017-10-23;6101.00;5746.00;6066.68;5974.35;1671.66
2017-10-22;6131.11;5810.25;6065.65;6066.68;1431.92
2017-10-21;6200.00;5900.00;5993.98;6065.65;1757.19
2017-10-20;6072.40;5662.00;5724.98;5993.98;1857.09
2017-10-19;5749.52;5601.00;5669.50;5724.98;1522.11
2017-10-18;5690.00;5201.10;5672.92;5669.50;2286.77
2017-10-17;5790.00;5580.00;5775.39;5672.92;1029.11
2017-10-16;5788.00;5635.00;5739.00;5775.39;1003.09
2017-10-15;5869.00;5520.00;5832.94;5739.00;1957.39
2017-10-14;5850.00;5592.00;5654.02;5832.94;1276.53
2017-10-13;5878.59;5410.00;5449.00;5654.02;3571.35
2017-10-12;5449.00;4817.57;4835.00;5449.00;2859.75
2017-10-11;4865.00;4743.21;4786.00;4835.00;710.68
2017-10-10;4920.10;4713.38;4783.04;4786.00;1389.37
2017-10-09;4888.00;4566.75;4583.23;4783.04;1468.04
2017-10-08;4623.65;4410.25;4441.00;4583.23;954.20
2017-10-07;4470.00;4328.05;4378.23;4441.00;451.46
2017-10-06;4438.56;4335.63;4351.26;4378.23;694.75
2017-10-05;4384.92;4191.00;4272.46;4351.26;800.78
2017-10-04;4395.79;4230.88;4364.92;4272.46;698.28
2017-10-03;4463.90;4260.16;4448.33;4364.92;1008.90
2017-10-02;4498.00;4399.25;4410.00;4448.33;867.08
2017-10-01;4413.97;4308.52;4386.00;4410.00;512.54
2017-09-30;4388.92;4213.93;4213.93;4386.00;776.41
2017-09-29;4299.00;4085.18;4244.00;4213.93;991.43
2017-09-28;4350.00;4200.00;4258.68;4244.00;877.54
2017-09-27;4264.25;3973.80;3973.80;4258.68;1142.63
2017-09-26;4052.14;3950.00;4023.27;3973.80;804.71
2017-09-25;4048.87;3779.56;3779.56;4023.27;887.49
2017-09-24;3911.87;3771.00;3898.78;3779.56;588.62
2017-09-23;3963.65;3730.00;3773.45;3898.78;1013.53
2017-09-22;3920.00;3692.57;3799.81;3773.45;1052.63
2017-09-21;4070.40;3755.00;4028.25;3799.81;1429.39
2017-09-20;4180.00;4001.00;4067.20;4028.25;749.76
2017-09-19;4280.00;4021.00;4263.00;4067.20;1355.35
2017-09-18;4283.00;3843.33;3843.33;4263.00;1696.30
2017-09-17;3945.82;3654.11;3871.41;3843.33;959.21
2017-09-16;4072.00;3701.89;3850.00;3871.41;1746.08
2017-09-15;3990.00;3051.55;3270.20;3850.00;4562.92
2017-09-14;4078.58;3250.39;4027.29;3270.20;2972.05
2017-09-13;4400.00;3905.01;4384.45;4027.29;1922.38
2017-09-12;4525.07;4299.90;4453.80;4384.45;1132.60
2017-09-11;4610.48;4420.00;4482.42;4453.80;797.98
2017-09-10;4584.97;4341.07;4549.97;4482.42;1399.96
2017-09-09;4691.07;4450.00;4616.81;4549.97;947.10
2017-09-08;4830.00;4401.23;4788.77;4616.81;1858.15
2017-09-07;4841.90;4699.60;4792.90;4788.77;809.32
2017-09-06;4849.10;4248.38;4594.86;4792.90;1740.30
2017-09-05;4680.00;4251.00;4521.94;4594.86;1586.41
2017-09-04;4784.81;4323.00;4767.26;4521.94;1898.70
2017-09-03;4900.00;4600.00;4779.99;4767.26;1003.89
2017-09-02;5098.00;4600.00;4999.99;4779.99;1728.42
2017-09-01;4999.99;4783.36;4815.57;4999.99;782.81
2017-08-31;4850.00;4680.56;4688.50;4815.57;692.18
2017-08-30;4739.90;4580.00;4677.00;4688.50;682.41
2017-08-29;4700.00;4442.60;4486.77;4677.00;987.93
2017-08-28;4500.00;4326.40;4442.98;4486.77;576.02
2017-08-27;4488.00;4435.85;4461.10;4442.98;300.03
2017-08-26;4499.99;4400.00;4483.32;4461.10;396.61
2017-08-25;4548.97;4382.82;4382.82;4483.32;795.42
2017-08-24;4430.00;4250.00;4254.90;4382.82;802.65
2017-08-23;4346.99;4179.00;4220.10;4254.90;955.46
2017-08-22;4270.00;3800.00;4123.28;4220.10;1444.41
2017-08-21;4280.00;4100.00;4257.06;4123.28;1027.67
2017-08-20;4344.00;4228.58;4316.00;4257.06;595.61
2017-08-19;4350.00;4116.80;4223.73;4316.00;1115.58
2017-08-18;4450.00;4158.87;4395.28;4223.73;1405.27
2017-08-17;4540.00;4300.00;4455.00;4395.28;1470.36
2017-08-16;4455.00;4068.00;4250.88;4455.00;1220.22
2017-08-15;4549.75;3875.00;4435.87;4250.88;2560.26
2017-08-14;4500.00;4050.14;4147.52;4435.87;1625.60
2017-08-13;4237.54;3872.90;3872.90;4147.52;2163.39
2017-08-12;3985.00;3682.04;3715.00;3872.90;1545.66
2017-08-11;3792.33;3484.80;3498.00;3715.00;934.76
2017-08-10;3520.00;3413.36;3435.50;3498.00;549.55
2017-08-09;3500.00;3325.04;3496.43;3435.50;951.15
2017-08-08;3549.05;3405.25;3442.22;3496.43;1125.05
2017-08-07;3449.51;3214.39;3263.74;3442.22;827.04
2017-08-06;3310.88;3175.00;3275.18;3263.74;688.05
2017-08-05;3330.00;2889.73;2897.49;3275.18;1684.41
2017-08-04;2897.55;2799.26;2802.63;2897.49;640.60
2017-08-03;2816.06;2747.01;2751.07;2802.63;456.86
2017-08-02;2800.00;2730.00;2777.53;2751.07;505.97
2017-08-01;2977.97;2685.00;2861.00;2777.53;1246.04
2017-07-31;2899.00;2750.01;2773.90;2861.00;761.13
2017-07-30;2789.89;2671.31;2745.00;2773.90;497.38
2017-07-29;2812.76;2715.00;2809.22;2745.00;521.60
2017-07-28;2857.16;2696.00;2696.00;2809.22;1076.42
2017-07-27;2735.74;2563.00;2573.79;2696.00;749.23
2017-07-26;2640.00;2493.48;2593.70;2573.79;938.08
2017-07-25;2785.00;2486.77;2776.86;2593.70;1372.78
2017-07-24;2804.12;2748.97;2781.00;2776.86;463.43
2017-07-23;2860.00;2686.04;2838.10;2781.00;865.77
2017-07-22;2893.73;2687.27;2718.96;2838.10;1094.18
2017-07-21;2890.99;2637.83;2875.37;2718.96;1474.55
2017-07-20;2942.00;2341.06;2343.00;2875.37;2224.28
2017-07-19;2489.88;2289.53;2413.11;2343.00;1179.11
2017-07-18;2547.37;2204.23;2268.54;2413.11;1599.12
2017-07-17;2270.64;1950.18;1955.98;2268.54;1017.39
2017-07-16;2119.00;1852.02;2048.02;1955.98;1326.20
2017-07-15;2307.31;2001.00;2307.31;2048.02;1267.74
2017-07-14;2420.66;2250.00;2405.87;2307.31;645.76
2017-07-13;2449.84;2389.44;2419.17;2405.87;430.89
2017-07-12;2449.85;2325.07;2392.58;2419.17;834.39
2017-07-11;2476.74;2320.00;2446.35;2392.58;997.15
2017-07-10;2600.00;2361.37;2581.25;2446.35;703.97
2017-07-09;2630.00;2580.13;2627.00;2581.25;211.22
2017-07-08;2632.65;2550.16;2583.00;2627.00;347.70
2017-07-07;2676.20;2550.38;2675.01;2583.00;498.05
2017-07-06;2689.74;2638.46;2679.23;2675.01;248.38
2017-07-05;2690.00;2617.18;2668.98;2679.23;383.07
2017-07-04;2710.00;2632.21;2649.61;2668.98;499.77
2017-07-03;2705.35;2565.30;2606.13;2649.61;462.56
2017-07-02;2617.00;2493.84;2541.70;2606.13;350.65
2017-07-01;2620.00;2506.20;2575.32;2541.70;400.04
2017-06-30;2679.31;2541.09;2639.73;2575.32;430.13
2017-06-29;2700.79;2612.51;2682.22;2639.73;509.11
2017-06-28;2720.00;2580.14;2675.30;2682.22;775.10
2017-06-27;2675.30;2414.76;2527.79;2675.30;1079.07
2017-06-26;2755.00;2380.00;2706.28;2527.79;1303.02
2017-06-25;2780.00;2608.76;2752.08;2706.28;683.08
2017-06-24;2835.50;2700.00;2813.41;2752.08;606.28
2017-06-23;2860.25;2790.00;2824.17;2813.41;301.77
2017-06-22;2855.00;2755.50;2815.98;2824.17;445.24
2017-06-21;2875.00;2748.68;2848.00;2815.98;949.90
2017-06-20;2870.44;2695.88;2712.73;2848.00;1140.21
2017-06-19;2740.59;2674.90;2708.94;2712.73;595.85
2017-06-18;2788.39;2650.00;2779.41;2708.94;776.35
2017-06-17;2800.00;2623.51;2667.00;2779.41;610.34
2017-06-16;2692.68;2509.37;2586.21;2667.00;830.68
2017-06-15;2743.86;2250.00;2678.38;2586.21;2930.80
2017-06-14;2902.72;2559.67;2855.00;2678.38;1640.52
2017-06-13;2921.32;2755.77;2761.08;2855.00;690.22
2017-06-12;3087.28;2700.58;3059.00;2761.08;2367.11
2017-06-11;3059.00;2932.13;2932.84;3059.00;945.01
2017-06-10;2958.90;2880.00;2888.00;2932.84;465.45
2017-06-09;2905.64;2830.00;2870.00;2888.00;413.80
2017-06-08;2877.00;2690.00;2767.28;2870.00;532.28
2017-06-07;2933.00;2675.52;2921.10;2767.28;1286.99
2017-06-06;2973.07;2765.60;2765.60;2921.10;1593.36
2017-06-05;2779.94;2636.25;2646.17;2765.60;673.23
2017-06-04;2665.31;2598.21;2665.31;2646.17;416.87
2017-06-03;2670.49;2562.59;2600.49;2665.31;620.64
2017-06-02;2600.49;2545.51;2570.49;2600.49;576.63
2017-06-01;2621.00;2480.67;2480.67;2570.49;794.92
2017-05-31;2568.57;2380.00;2436.56;2480.67;1650.35
2017-05-30;2564.00;2400.00;2485.47;2436.56;1167.80
2017-05-29;2510.00;2294.61;2352.46;2485.47;952.22
2017-05-28;2509.00;2198.86;2198.86;2352.46;1199.12
2017-05-27;2471.53;2000.00;2392.43;2198.86;1951.49
2017-05-26;2749.84;2125.07;2400.00;2392.43;2799.52
2017-05-25;3042.91;2328.70;2618.84;2400.00;3876.78
2017-05-24;2666.00;2431.33;2438.00;2618.84;1375.12
2017-05-23;2447.08;2277.23;2277.23;2438.00;1101.93
2017-05-22;2351.30;2123.95;2128.00;2277.23;1751.23
2017-05-21;2156.68;2067.74;2086.00;2128.00;659.53
2017-05-20;2090.00;2000.16;2000.16;2086.00;791.37
2017-05-19;2010.00;1930.00;1950.20;2000.16;823.03
2017-05-18;1960.00;1865.00;1878.66;1950.20;687.36
2017-05-17;1894.24;1804.80;1807.95;1878.66;759.81
2017-05-16;1823.59;1766.15;1797.10;1807.95;623.35
2017-05-15;1844.00;1833.36;1838.00;1840.39;16.27
2017-05-14;1863.05;1800.00;1831.66;1838.00;380.96
2017-05-13;1840.00;1681.00;1763.00;1831.66;930.30
2017-05-12;1893.08;1715.23;1880.68;1763.00;1026.87
2017-05-11;1900.00;1791.60;1800.00;1880.68;833.96
2017-05-10;1800.00;1714.03;1744.27;1800.00;605.44
2017-05-09;1790.81;1678.37;1684.00;1744.27;997.27
2017-05-08;1684.00;1545.84;1549.81;1684.00;638.58
2017-05-07;1584.00;1406.43;1576.08;1549.81;1599.60
2017-05-06;1586.83;1536.49;1536.63;1576.08;414.47
2017-05-05;1607.00;1498.67;1527.88;1536.63;1005.82
2017-05-04;1617.86;1440.00;1498.18;1527.88;1244.11
2017-05-03;1509.63;1440.00;1453.00;1498.18;715.23
2017-05-02;1469.88;1405.01;1415.59;1453.00;860.20
2017-05-01;1430.00;1337.91;1338.00;1415.59;824.64
2017-04-30;1340.10;1321.00;1337.97;1338.00;251.28
2017-04-29;1340.25;1312.97;1318.34;1337.97;215.66
2017-04-28;1339.36;1288.58;1334.13;1318.34;582.56
2017-04-27;1339.30;1297.00;1297.50;1334.13;537.65
2017-04-26;1317.10;1281.36;1282.29;1297.50;544.92
2017-04-25;1264.00;1261.40;1261.72;1262.36;7.78
2017-04-24;1266.00;1243.95;1248.25;1261.72;232.13
2017-04-23;1250.00;1246.87;1247.39;1250.00;11.15
2017-04-22;1250.00;1220.55;1248.00;1247.39;351.03
2017-04-21;1250.00;1236.86;1239.80;1248.00;289.10
2017-04-20;1250.00;1217.06;1219.24;1239.80;423.42
2017-04-19;1219.00;1216.10;1218.96;1218.97;11.85
2017-04-18;1224.99;1211.41;1217.50;1218.96;349.94
2017-04-17;1199.80;1189.00;1194.85;1199.80;15.46
2017-04-16;1202.00;1188.05;1191.86;1194.85;160.04
2017-04-15;1198.00;1194.90;1195.50;1198.00;14.52
2017-04-14;1199.00;1182.10;1183.50;1195.50;294.82
2017-04-13;1230.00;1160.00;1229.58;1183.50;729.84
2017-04-12;1231.20;1217.89;1231.00;1229.58;279.04
2017-04-11;1210.90;1209.25;1210.00;1210.90;24.58
2017-04-10;1218.02;1206.19;1209.17;1210.00;289.64
2017-04-09;1216.64;1178.00;1188.50;1209.17;399.17
2017-04-08;1200.00;1173.02;1196.85;1188.50;242.74
2017-04-07;1204.00;1180.01;1199.08;1196.85;487.85
2017-04-06;1207.62;1148.62;1149.58;1199.08;763.78
2017-04-05;1156.09;1123.11;1153.99;1149.58;402.69
2017-04-04;1173.58;1135.00;1163.00;1153.99;517.85
2017-04-03;1172.17;1107.41;1109.99;1163.00;691.48
2017-04-02;1119.52;1082.00;1094.90;1109.99;515.71
2017-04-01;1100.00;1061.00;1086.90;1094.90;506.85
2017-03-31;1095.00;1046.66;1049.00;1086.90;611.23
2017-03-30;1056.99;1040.00;1049.88;1049.00;374.91
2017-03-29;1063.40;1010.87;1059.98;1049.88;563.89
2017-03-28;1082.99;1033.21;1058.97;1059.98;608.06
2017-03-27;1060.00;987.61;999.44;1058.97;556.18
2017-03-26;1029.07;972.34;990.00;999.44;574.95
2017-03-25;1002.58;906.24;973.53;990.00;1271.44
2017-03-24;1067.31;951.09;1064.89;973.53;1124.20
2017-03-23;1088.08;1049.50;1067.11;1064.89;393.61
2017-03-22;1143.71;1025.00;1143.71;1067.11;776.44
2017-03-21;1145.93;1065.00;1070.74;1143.71;895.99
2017-03-20;1080.00;1029.87;1029.87;1070.74;474.58
2017-03-19;1075.00;980.01;985.39;1029.87;818.56
2017-03-18;1110.00;964.65;1085.80;985.39;1483.42
2017-03-17;1189.37;1073.93;1189.37;1085.80;1102.48
2017-03-16;1264.95;1153.00;1264.10;1189.37;1392.30
2017-03-15;1267.00;1250.05;1252.99;1264.10;289.00
2017-03-14;1262.00;1238.91;1244.01;1252.99;450.73
2017-03-13;1247.50;1220.02;1231.90;1244.01;517.31
2017-03-12;1235.00;1178.74;1193.10;1231.90;546.53
2017-03-11;1204.75;1114.20;1123.26;1193.10;612.69
2017-03-10;1300.00;1078.22;1207.56;1123.26;2601.98
2017-03-09;1219.18;1147.00;1157.00;1207.56;530.97
2017-03-08;1256.85;1155.55;1243.75;1157.00;1568.39
2017-03-07;1291.82;1211.80;1284.50;1243.75;946.11
2017-03-06;1290.00;1275.67;1281.00;1284.50;308.75
2017-03-05;1281.20;1264.10;1278.27;1281.00;280.45
2017-03-04;1299.00;1245.87;1292.50;1278.27;425.11
2017-03-03;1299.16;1261.44;1267.89;1292.50;566.21
2017-03-02;1277.36;1223.31;1232.00;1267.89;865.26
2017-03-01;1237.31;1195.03;1199.25;1232.00;647.24
2017-02-28;1215.00;1187.06;1197.00;1199.25;794.47
2017-02-27;1208.00;1171.97;1184.50;1197.00;562.14
2017-02-26;1193.70;1145.74;1164.90;1184.50;311.89
2017-02-25;1195.00;1135.00;1191.20;1164.90;477.23
2017-02-24;1222.00;1113.00;1183.77;1191.20;1843.51
2017-02-23;1192.88;1133.15;1137.48;1183.77;743.04
2017-02-22;1150.00;1107.00;1129.81;1137.48;778.21
2017-02-21;1139.15;1081.50;1094.00;1129.81;685.49
2017-02-20;1096.40;1052.90;1061.78;1094.00;370.62
2017-02-19;1068.90;1043.20;1066.90;1061.78;174.02
2017-02-18;1077.50;1058.00;1061.00;1066.90;369.40
2017-02-17;1070.00;1041.77;1046.00;1061.00;529.38
2017-02-16;1049.95;1025.24;1038.00;1046.00;653.39
2017-02-15;1038.00;1026.00;1035.80;1038.00;353.04
2017-02-14;1046.15;1014.35;1020.00;1035.80;431.75
2017-02-13;1021.50;983.00;1015.64;1020.00;453.04
2017-02-12;1025.00;1008.47;1023.00;1015.64;263.39
2017-02-11;1026.90;1003.00;1012.02;1023.00;313.67
2017-02-10;1023.38;952.55;997.00;1012.02;677.86
2017-02-09;1091.83;951.61;1071.00;997.00;1583.61
2017-02-08;1078.48;1023.18;1060.00;1071.00;745.06
2017-02-07;1060.00;1029.00;1034.97;1060.00;399.73
2017-02-06;1035.89;1017.22;1024.50;1034.97;212.69
2017-02-05;1038.59;1015.00;1035.30;1024.50;260.83
2017-02-04;1044.90;1012.50;1020.03;1035.30;269.66
2017-02-03;1025.99;997.36;1014.17;1020.03;505.10
2017-02-02;1019.42;980.00;989.89;1014.17;473.19
2017-02-01;989.90;969.02;969.02;989.89;348.00
2017-01-31;972.71;928.00;932.19;969.02;467.83
2017-01-30;933.00;925.00;927.50;932.19;175.02
2017-01-29;929.50;924.99;929.11;927.50;151.47
2017-01-28;929.62;918.20;925.00;929.11;170.28
2017-01-27;929.49;916.67;925.00;925.00;222.47
2017-01-26;925.00;899.01;902.22;925.00;349.08
2017-01-25;908.34;888.10;895.96;902.22;262.83
2017-01-24;928.60;892.00;926.99;895.96;409.94
2017-01-23;932.82;914.80;924.00;926.99;203.35
2017-01-22;944.59;897.00;928.00;924.00;445.00
2017-01-21;929.00;894.66;900.00;928.00;329.45
2017-01-20;910.02;882.12;903.80;900.00;232.67
2017-01-19;912.81;882.40;886.17;903.80;306.85
2017-01-18;917.00;853.00;915.00;886.17;513.73
2017-01-17;915.00;836.62;839.22;915.00;660.55
2017-01-16;846.00;827.50;828.00;839.22;383.28
2017-01-15;836.02;812.49;826.00;828.00;255.39
2017-01-14;850.00;812.00;830.38;826.00;507.37
2017-01-13;842.56;781.38;820.26;830.38;883.33
2017-01-12;839.78;760.00;797.40;820.26;869.17
2017-01-11;925.00;775.00;917.09;797.40;1590.37
2017-01-10;923.04;901.50;905.00;917.09;300.71
2017-01-09;922.01;882.29;918.00;905.00;484.31
2017-01-08;946.77;891.10;902.99;918.00;471.54
2017-01-07;914.45;822.76;894.01;902.99;1020.33
2017-01-06;1037.91;871.21;1000.00;894.01;1309.37
2017-01-05;1164.01;900.00;1127.38;1000.00;1622.25
2017-01-04;1146.41;1031.27;1033.90;1127.38;1167.12
2017-01-03;1035.00;1014.53;1024.12;1033.90;340.05
2017-01-02;1040.00;993.26;999.38;1024.12;564.82
2017-01-01;1003.99;961.09;965.15;999.38;458.65
2016-12-31;965.20;944.27;965.00;965.15;242.81
2016-12-30;973.00;924.00;971.65;965.00;511.10
2016-12-29;984.05;952.01;976.00;971.65;479.15
2016-12-28;983.20;929.62;932.86;976.00;564.35
2016-12-27;942.98;903.50;905.29;932.86;370.80
2016-12-26;912.00;890.68;894.80;905.29;295.47
2016-12-25;902.26;860.10;895.71;894.80;340.33
2016-12-24;921.00;880.00;914.16;895.71;492.30
2016-12-23;918.47;866.01;866.37;914.16;897.84
2016-12-22;878.00;823.00;829.11;866.37;610.33
2016-12-21;834.78;800.01;801.25;829.11;603.33
2016-12-20;801.25;793.00;794.39;801.25;310.51
2016-12-19;799.00;793.50;796.00;794.39;239.72
2016-12-18;796.00;789.69;794.35;796.00;277.84
2016-12-17;795.00;786.83;787.34;794.35;329.39
2016-12-16;789.00;780.11;781.73;787.34;236.98
2016-12-15;783.83;775.36;776.01;781.73;259.11
2016-12-14;783.00;769.02;781.31;776.01;352.26
2016-12-13;789.12;764.00;783.15;781.31;400.38
2016-12-12;784.87;769.00;774.40;783.15;428.06
2016-12-11;779.90;770.00;778.09;774.40;384.21
2016-12-10;780.10;775.00;776.19;778.09;355.40
2016-12-09;779.74;771.00;775.00;776.19;392.69
2016-12-08;778.43;769.00;770.90;775.00;345.82
2016-12-07;775.00;754.22;761.41;770.90;465.30
2016-12-06;763.95;756.00;758.19;761.41;482.66
2016-12-05;774.00;750.00;773.99;758.19;513.47
2016-12-04;774.00;766.00;768.81;773.99;400.35
2016-12-03;778.80;760.56;778.00;768.81;523.99
2016-12-02;779.74;752.95;757.00;778.00;638.51
2016-12-01;760.00;746.00;746.60;757.00;547.41
2016-11-30;751.80;739.30;740.21;746.60;540.57
2016-11-29;742.26;737.00;740.04;740.21;508.31
2016-11-28;743.67;733.01;733.07;740.04;543.92
2016-11-27;744.41;730.99;738.16;733.07;484.99
2016-11-26;747.80;730.91;745.00;738.16;562.70
2016-11-25;747.46;737.47;743.65;745.00;601.48
2016-11-24;750.34;735.67;744.89;743.65;587.67
2016-11-23;755.70;735.00;752.49;744.89;663.49
2016-11-22;758.88;737.48;743.39;752.49;660.25
2016-11-21;752.25;733.05;733.58;743.39;642.31
2016-11-20;759.01;719.00;753.00;733.58;656.86
2016-11-19;766.97;747.33;755.19;753.00;493.74
2016-11-18;757.84;738.01;740.57;755.19;653.39
2016-11-17;755.00;737.00;741.93;740.57;918.60
2016-11-16;744.29;714.00;715.51;741.93;797.11
2016-11-15;719.65;707.85;708.86;715.51;726.88
2016-11-14;712.20;702.26;704.94;708.86;649.35
2016-11-13;707.75;686.32;707.72;704.94;507.96
2016-11-12;720.00;701.98;718.33;707.72;618.84
2016-11-11;720.87;712.99;716.88;718.33;615.73
2016-11-10;727.03;712.88;722.06;716.88;691.31
2016-11-09;745.00;709.65;712.72;722.06;1015.73
2016-11-08;714.96;701.23;708.69;712.72;932.26
2016-11-07;715.80;701.96;713.76;708.69;816.50
2016-11-06;719.77;703.89;709.55;713.76;869.36
2016-11-05;712.81;702.64;708.80;709.55;797.10
2016-11-04;714.36;686.05;692.79;708.80;1276.62
2016-11-03;750.05;676.00;739.90;692.79;1561.91
2016-11-02;768.24;722.73;731.41;739.90;1307.62
2016-11-01;737.75;699.99;701.19;731.41;1582.65
2016-10-31;705.00;688.78;695.30;701.19;1305.37
2016-10-30;718.32;692.89;717.78;695.30;1152.78
2016-10-29;719.50;691.63;691.73;717.78;1152.49
2016-10-28;693.92;684.90;685.89;691.73;1340.51
2016-10-27;691.51;677.26;679.91;685.89;1470.24
2016-10-26;682.82;654.01;654.37;679.91;1604.63
2016-10-25;665.00;654.01;657.26;654.37;777.22
2016-10-24;660.00;652.60;655.40;657.26;372.27
2016-10-23;664.94;651.50;658.58;655.40;288.32
2016-10-22;662.26;634.00;636.29;658.58;749.08
2016-10-21;639.00;631.50;632.03;636.29;281.54
2016-10-20;635.00;628.85;632.78;632.03;390.25
2016-10-19;643.40;630.00;638.89;632.78;400.51
2016-10-18;643.70;637.00;643.70;638.89;362.61
2016-10-17;645.00;640.00;644.21;643.70;387.89
2016-10-16;645.28;640.00;641.38;644.21;420.26
2016-10-15;645.28;640.33;644.29;641.38;383.03
2016-10-14;645.00;636.00;640.29;644.29;510.06
2016-10-13;642.33;636.00;637.94;640.29;468.18
2016-10-12;645.00;635.05;643.44;637.94;405.96
2016-10-11;644.50;619.64;622.36;643.44;633.11
2016-10-10;622.50;618.00;620.31;622.36;445.92
2016-10-09;624.00;619.48;620.60;620.31;493.23
2016-10-08;624.00;617.26;618.87;620.60;546.01
2016-10-07;620.00;609.00;614.89;618.87;586.41
2016-10-06;616.75;611.50;615.63;614.89;576.88
2016-10-05;618.40;609.00;613.01;615.63;749.90
2016-10-04;615.00;609.00;614.32;613.01;549.38
2016-10-03;615.99;611.30;614.11;614.32;511.56
2016-10-02;619.46;611.00;617.87;614.11;561.23
2016-10-01;619.47;611.28;612.93;617.87;656.94
2016-09-30;615.00;606.17;610.05;612.93;943.01
2016-09-29;616.00;610.00;615.59;610.05;853.11
2016-09-28;616.82;615.00;615.77;615.59;605.87
2016-09-27;620.05;613.00;616.32;615.77;728.43
2016-09-26;620.05;610.00;615.30;616.32;700.11
2016-09-25;619.34;615.00;617.31;615.30;549.13
2016-09-24;620.00;612.00;615.15;617.31;710.98
2016-09-23;618.77;610.00;611.06;615.15;833.79
2016-09-22;614.86;610.00;612.88;611.06;832.28
2016-09-21;618.17;610.00;618.14;612.88;941.02
2016-09-20;620.00;615.00;618.20;618.14;950.83
2016-09-19;623.90;615.00;620.70;618.20;805.97
2016-09-18;621.38;614.87;617.82;620.70;721.96
2016-09-17;620.00;615.05;619.70;617.82;806.19
2016-09-16;625.00;613.10;623.02;619.70;907.88
2016-09-15;626.00;620.86;625.00;623.02;791.72
2016-09-14;626.00;622.50;625.05;625.00;751.10
2016-09-13;626.48;622.10;622.48;625.05;787.45
2016-09-12;632.74;622.06;624.08;622.48;896.67
2016-09-11;640.00;612.44;636.49;624.08;782.10
2016-09-10;638.00;632.27;635.08;636.49;660.86
2016-09-09;639.52;629.56;637.81;635.08;951.80
2016-09-08;640.39;618.82;619.71;637.81;960.60
2016-09-07;620.00;610.54;615.00;619.71;684.85
2016-09-06;615.00;612.00;612.73;615.00;548.44
2016-09-05;615.90;607.92;615.32;612.73;584.17
2016-09-04;623.00;603.85;606.87;615.32;663.74
2016-09-03;609.60;578.08;582.64;606.87;799.51
2016-09-02;583.66;578.32;581.17;582.64;697.65
2016-09-01;588.00;579.02;587.47;581.17;730.19
2016-08-31;588.69;580.00;588.26;587.47;715.72
2016-08-30;590.00;578.99;586.47;588.26;810.44
2016-08-29;595.97;585.10;592.81;586.47;784.11
2016-08-28;595.00;580.00;590.54;592.81;690.49
2016-08-27;604.50;580.00;602.70;590.54;746.44
2016-08-26;607.95;600.00;604.55;602.70;936.92
2016-08-25;611.57;602.20;610.57;604.55;950.84
2016-08-24;612.50;605.15;609.08;610.57;928.16
2016-08-23;613.98;607.12;610.15;609.08;854.08
2016-08-22;610.15;601.00;603.20;610.15;930.63
2016-08-21;604.00;590.00;599.30;603.20;660.06
2016-08-20;604.47;592.40;598.08;599.30;758.74
2016-08-19;604.00;589.12;598.64;598.08;1014.77
2016-08-18;602.03;591.10;592.72;598.64;1129.32
2016-08-17;601.15;586.13;598.50;592.72;1164.27
2016-08-16;603.00;583.00;588.32;598.50;1201.37
2016-08-15;594.03;577.10;580.64;588.32;1263.29
2016-08-14;599.08;572.28;597.59;580.64;860.91
2016-08-13;602.64;592.02;601.00;597.59;696.00
2016-08-12;603.00;592.18;596.55;601.00;1336.48
2016-08-11;609.00;595.00;600.89;596.55;1367.57
2016-08-10;609.72;591.21;596.14;600.89;1496.67
2016-08-09;601.18;588.00;599.79;596.14;1575.06
2016-08-08;605.30;593.97;603.95;599.79;1791.86
2016-08-07;607.00;589.00;589.47;603.95;922.16
2016-08-06;594.15;572.80;577.10;589.47;988.53
2016-08-05;580.00;570.32;578.24;577.10;1824.16
2016-08-04;585.65;565.32;568.87;578.24;2138.00
2016-08-03;578.94;516.06;516.37;568.87;2180.80
2016-08-02;621.00;484.47;615.61;516.37;2267.87
2016-08-01;635.00;614.97;631.00;615.61;1675.19
2016-07-31;662.00;631.00;659.16;631.00;947.51
2016-07-30;662.40;656.00;659.46;659.16;877.44
2016-07-29;663.90;656.07;663.30;659.46;1560.88
2016-07-28;664.00;655.00;658.60;663.30;1624.36
2016-07-27;663.13;650.00;661.86;658.60;1666.39
2016-07-26;665.00;644.78;657.69;661.86;1664.29
2016-07-25;667.00;655.69;664.59;657.69;1716.82
2016-07-24;668.98;655.00;662.70;664.59;866.40
2016-07-23;665.14;652.78;657.57;662.70;1169.89
2016-07-22;669.62;653.02;666.84;657.57;1733.45
2016-07-21;670.20;660.20;665.49;666.84;1302.32
2016-07-20;674.76;660.00;672.66;665.49;1335.50
2016-07-19;675.40;665.43;673.00;672.66;1405.77
2016-07-18;682.00;668.00;677.04;673.00;1390.00
2016-07-17;680.00;661.29;664.70;677.04;1074.49
2016-07-16;671.40;661.00;667.89;664.70;805.24
2016-07-15;672.10;661.01;664.21;667.89;1414.47
2016-07-14;667.61;652.75;664.88;664.21;1310.58
2016-07-13;676.18;658.15;676.18;664.88;924.84
2016-07-12;680.00;647.40;653.03;676.18;571.50
2016-07-11;658.00;642.10;650.25;653.03;543.52
2016-07-10;655.89;640.00;655.21;650.25;280.11
2016-07-09;665.02;625.02;662.80;655.21;677.78
2016-07-08;662.80;634.06;635.92;662.80;928.52
2016-07-07;682.00;607.00;679.11;635.92;1231.90
2016-07-06;681.93;667.42;671.03;679.11;653.52
2016-07-05;688.48;665.00;682.87;671.03;721.29
2016-07-04;684.79;647.06;668.00;682.87;882.16
2016-07-03;711.00;651.00;706.33;668.00;585.57
2016-07-02;710.00;679.17;679.17;706.33;520.50
2016-07-01;688.80;666.20;673.44;679.17;878.65
2016-06-30;675.23;638.35;643.61;673.44;907.26
2016-06-29;655.83;629.65;653.86;643.61;890.94
2016-06-28;670.00;646.00;650.04;653.86;868.02
2016-06-27;662.18;620.61;635.10;650.04;907.30
2016-06-26;676.60;613.86;676.49;635.10;597.33
2016-06-25;699.42;647.93;671.01;676.49;581.05
2016-06-24;699.00;635.63;649.00;671.01;1122.79
2016-06-23;649.00;548.85;595.82;649.00;1597.55
2016-06-22;683.29;595.00;671.40;595.82;1274.76
2016-06-21;743.41;640.00;741.68;671.40;1149.53
2016-06-20;769.98;720.00;767.94;741.68;911.30
2016-06-19;769.98;745.07;761.76;767.94;496.22
2016-06-18;777.00;729.10;749.65;761.76;600.24
2016-06-17;777.00;705.04;768.14;749.65;1412.71
2016-06-16;773.23;697.63;698.48;768.14;1357.73
2016-06-15;700.80;672.00;688.00;698.48;690.76
2016-06-14;710.53;667.50;709.61;688.00;605.28
2016-06-13;722.47;669.17;675.94;709.61;1173.89
2016-06-12;695.85;595.07;595.80;675.94;1131.89
2016-06-11;595.80;577.90;580.37;595.80;524.73
2016-06-10;583.47;572.87;577.99;580.37;1102.65
2016-06-09;587.16;573.13;585.50;577.99;965.07
2016-06-08;587.34;572.00;577.91;585.50;1655.86
2016-06-07;591.00;566.68;588.46;577.91;1598.01
2016-06-06;590.00;579.52;586.41;588.46;918.82
2016-06-05;590.00;570.98;577.26;586.41;546.18
2016-06-04;593.59;562.31;572.05;577.26;711.01
2016-06-03;579.13;535.20;539.87;572.05;1073.17
2016-06-02;544.50;535.00;542.74;539.87;871.61
2016-06-01;544.84;528.04;534.80;542.74;880.85
2016-05-31;554.95;521.79;546.26;534.80;1143.92
2016-05-30;557.00;521.94;523.10;546.26;1222.05
2016-05-29;551.65;505.74;533.00;523.10;1714.97
2016-05-28;538.57;473.08;477.00;533.00;1249.02
2016-05-27;480.77;454.14;454.67;477.00;1873.80
2016-05-26;456.99;449.71;452.29;454.67;1056.11
2016-05-25;454.00;446.05;448.51;452.29;902.87
2016-05-24;450.00;443.20;446.69;448.51;957.83
2016-05-23;447.37;439.00;440.09;446.69;1133.51
2016-05-22;448.20;440.00;447.87;440.09;908.97
2016-05-21;448.43;441.20;445.74;447.87;965.00
2016-05-20;448.89;436.00;444.92;445.74;1239.15
2016-05-19;457.85;442.00;456.81;444.92;1383.92
2016-05-18;459.95;453.87;456.32;456.81;1290.10
2016-05-17;459.42;453.87;458.71;456.32;1384.17
2016-05-16;462.50;455.00;459.70;458.71;1658.80
2016-05-15;462.50;457.99;459.88;459.70;991.83
2016-05-14;461.75;457.00;459.78;459.88;1147.31
2016-05-13;461.15;454.00;459.44;459.78;1402.39
2016-05-12;459.50;450.50;456.03;459.44;1720.26
2016-05-11;459.97;453.89;454.49;456.03;1633.92
2016-05-10;465.42;451.22;458.96;454.49;1782.77
2016-05-09;467.00;458.96;462.70;458.96;1512.02
2016-05-08;465.58;457.71;465.46;462.70;964.92
2016-05-07;466.81;456.50;466.47;465.46;1019.45
2016-05-06;468.00;451.00;454.59;466.47;1597.36
2016-05-05;456.24;448.02;451.49;454.59;1908.51
2016-05-04;457.30;448.00;453.98;451.49;2025.73
2016-05-03;457.77;444.00;449.77;453.98;2058.18
2016-05-02;459.98;442.58;457.02;449.77;1872.59
2016-05-01;460.00;449.00;452.86;457.02;1282.57
2016-04-30;459.91;451.00;455.10;452.86;1059.83
2016-04-29;457.92;444.81;449.59;455.10;2355.39
2016-04-28;452.84;436.64;451.62;449.59;2370.30
2016-04-27;470.50;450.00;467.90;451.62;2095.32
2016-04-26;472.00;458.94;461.86;467.90;2680.32
2016-04-25;464.42;451.00;462.68;461.86;2665.08
2016-04-24;467.72;449.00;449.92;462.68;1591.19
2016-04-23;452.00;446.00;448.58;449.92;1396.99
2016-04-22;452.45;446.00;448.87;448.58;2994.07
2016-04-21;454.86;441.20;443.87;448.87;2685.38
2016-04-20;445.00;436.40;439.75;443.87;2634.47
2016-04-19;440.00;429.50;432.08;439.75;2465.59
2016-04-18;433.12;426.12;428.50;432.08;2564.90
2016-04-17;434.68;426.58;432.80;428.50;1049.22
2016-04-16;435.00;430.00;430.81;432.80;1173.81
2016-04-15;433.00;424.95;425.91;430.81;2040.90
2016-04-14;429.99;424.00;428.00;425.91;2172.79
2016-04-13;430.89;424.22;425.94;428.00;2619.40
2016-04-12;430.33;423.00;423.70;425.94;2800.50
2016-04-11;425.00;421.01;422.50;423.70;2193.20
2016-04-10;425.11;421.00;421.75;422.50;1062.51
2016-04-09;423.20;418.32;420.50;421.75;1808.28
2016-04-08;427.00;420.00;421.94;420.50;3728.32
2016-04-07;424.88;420.00;423.80;421.94;3362.67
2016-04-06;426.00;421.12;425.60;423.80;3134.35
2016-04-05;426.93;421.95;422.91;425.60;3721.35
2016-04-04;424.40;418.60;421.67;422.91;3422.28
2016-04-03;422.90;419.12;419.65;421.67;2070.37
2016-04-02;422.85;418.22;418.22;419.65;1233.15
2016-04-01;420.62;414.98;419.43;418.22;3076.73
2016-03-31;421.20;415.01;417.18;419.43;2119.76
2016-03-30;422.00;414.03;417.75;417.18;3044.51
2016-03-29;427.50;410.70;426.00;417.75;3077.94
2016-03-28;428.26;421.00;423.45;426.00;2221.96
2016-03-27;430.86;417.71;419.36;423.45;1173.77
2016-03-26;421.89;417.63;419.14;419.36;1229.87
2016-03-25;421.16;416.01;418.73;419.14;3063.82
2016-03-24;421.46;416.00;420.53;418.73;2071.59
2016-03-23;424.00;416.97;419.66;420.53;2753.78
2016-03-22;422.10;415.83;416.09;419.66;2965.65
2016-03-21;422.61;415.00;417.11;416.09;1929.05
2016-03-20;420.49;414.07;415.33;417.11;1080.68
2016-03-19;418.68;411.15;414.86;415.33;1156.24
2016-03-18;422.64;410.41;418.89;414.86;2057.16
2016-03-17;424.33;418.86;420.73;418.89;2755.74
2016-03-16;422.67;418.50;420.45;420.73;3469.29
2016-03-15;422.50;418.00;419.00;420.45;2086.64
2016-03-14;421.50;416.10;419.28;419.00;2813.16
2016-03-13;423.10;416.01;416.27;419.28;1106.48
2016-03-12;424.26;412.33;421.76;416.27;1233.28
2016-03-11;427.49;418.56;419.20;421.76;2039.54
2016-03-10;421.96;414.00;418.10;419.20;2558.81
2016-03-09;418.94;413.06;415.63;418.10;2693.22
2016-03-08;421.46;412.09;419.46;415.63;2015.70
2016-03-07;420.00;406.59;413.16;419.46;2016.03
2016-03-06;420.00;402.50;407.51;413.16;1781.57
2016-03-05;417.62;399.00;412.67;407.51;1287.85
2016-03-04;430.31;410.00;425.51;412.67;2675.71
2016-03-03;433.00;423.70;432.48;425.51;2825.10
2016-03-02;444.56;432.00;439.72;432.48;1975.13
2016-03-01;440.76;432.04;439.06;439.72;2482.29
2016-02-29;442.50;432.55;434.31;439.06;1779.15
2016-02-28;438.99;426.00;435.00;434.31;956.12
2016-02-27;438.99;431.00;431.47;435.00;934.75
2016-02-26;432.98;424.00;427.05;431.47;1435.56
2016-02-25;431.44;421.54;426.71;427.05;1776.87
2016-02-24;429.00;415.00;424.68;426.71;1811.14
2016-02-23;442.90;417.00;441.50;424.68;2351.30
2016-02-22;443.84;434.00;439.45;441.50;2313.78
2016-02-21;449.92;430.00;439.00;439.45;943.95
2016-02-20;445.00;419.00;423.24;439.00;1128.09
2016-02-19;428.00;419.00;422.72;423.24;1798.04
2016-02-18;427.00;418.00;420.33;422.72;1824.94
2016-02-17;425.00;409.00;409.18;420.33;1816.95
2016-02-16;413.40;401.50;404.30;409.18;1822.63
2016-02-15;411.88;399.00;406.99;404.30;1937.62
2016-02-14;408.00;391.74;393.26;406.99;2128.17
2016-02-13;395.00;387.50;388.88;393.26;1033.32
2016-02-12;395.00;385.24;387.19;388.88;2266.71
2016-02-11;390.03;378.00;384.38;387.19;2024.59
2016-02-10;386.00;380.00;381.78;384.38;3297.33
2016-02-09;383.95;375.60;378.48;381.78;1925.92
2016-02-08;387.16;377.83;383.79;378.48;2010.15
2016-02-07;387.50;380.14;383.19;383.79;1571.23
2016-02-06;392.38;380.00;390.48;383.19;1088.72
2016-02-05;395.00;388.00;392.64;390.48;1587.99
2016-02-04;394.55;369.75;371.03;392.64;1175.44
2016-02-03;383.00;369.95;379.71;371.03;1361.72
2016-02-02;385.00;379.00;379.21;379.71;863.54
2016-02-01;385.80;374.00;377.05;379.21;806.59
2016-01-31;387.00;376.20;383.54;377.05;338.74
2016-01-30;388.00;379.60;380.97;383.54;258.87
2016-01-29;388.02;368.00;383.30;380.97;816.14
2016-01-28;399.50;383.30;399.02;383.30;662.04
2016-01-27;402.00;394.88;397.47;399.02;685.75
2016-01-26;401.00;394.78;397.30;397.47;617.79
2016-01-25;406.50;392.10;403.31;397.30;640.12
2016-01-24;408.58;390.00;394.18;403.31;295.07
2016-01-23;401.00;389.00;389.77;394.18;377.83
2016-01-22;418.00;384.01;417.62;389.77;838.37
2016-01-21;425.00;405.01;420.50;417.62;648.14
2016-01-20;425.00;380.00;384.27;420.50;862.84
2016-01-19;393.00;382.00;388.21;384.27;818.81
2016-01-18;391.08;378.75;388.20;388.21;798.15
2016-01-17;397.98;381.00;386.10;388.20;370.56
2016-01-16;388.99;355.00;375.00;386.10;629.15
2016-01-15;434.18;372.00;431.98;375.00;1097.27
2016-01-14;437.00;429.53;434.83;431.98;702.61
2016-01-13;448.65;419.00;448.63;434.83;847.85
2016-01-12;452.68;447.00;451.75;448.63;720.33
2016-01-11;458.96;449.21;453.94;451.75;652.63
2016-01-10;457.78;447.21;455.77;453.94;350.90
2016-01-09;462.76;452.05;461.44;455.77;317.25
2016-01-08;470.00;454.50;463.84;461.44;749.10
2016-01-07;464.70;436.96;437.28;463.84;670.16
2016-01-06;438.00;429.00;435.01;437.28;791.77
2016-01-05;438.58;432.50;436.74;435.01;688.91
2016-01-04;438.99;432.50;433.67;436.74;683.38
2016-01-03;438.00;429.13;435.47;433.67;367.91
2016-01-02;441.50;433.00;438.31;435.47;385.79
2016-01-01;439.18;432.49;435.58;438.31;668.25
2015-12-31;437.27;426.34;434.05;435.58;726.46
2015-12-30;441.34;426.11;436.08;434.05;677.37
2015-12-29;440.56;425.00;427.65;436.08;658.86
2015-12-28;436.38;422.32;429.99;427.65;718.56
2015-12-27;435.00;414.49;421.24;429.99;352.60
2015-12-26;458.07;406.34;455.80;421.24;685.47
2015-12-25;462.00;452.50;457.62;455.80;670.41
2015-12-24;463.99;445.22;447.09;457.62;704.31
2015-12-23;450.69;438.00;441.37;447.09;740.08
2015-12-22;447.41;435.68;439.72;441.37;698.45
2015-12-21;446.87;428.63;442.10;439.72;711.91
2015-12-20;466.39;435.17;464.23;442.10;502.96
2015-12-19;469.20;456.51;463.88;464.23;438.25
2015-12-18;467.77;454.00;457.02;463.88;695.53
2015-12-17;462.23;448.78;458.00;457.02;604.80
2015-12-16;468.24;442.54;465.91;458.00;667.25
2015-12-15;467.50;444.91;445.95;465.91;593.48
2015-12-14;449.25;432.35;438.65;445.95;554.64
2015-12-13;444.00;429.60;438.00;438.65;377.75
2015-12-12;471.96;412.00;450.95;438.00;576.84
2015-12-11;455.94;417.45;419.06;450.95;868.96
2015-12-10;423.24;412.90;419.62;419.06;625.76
2015-12-09;427.32;406.97;409.90;419.62;796.30
2015-12-08;410.00;392.05;396.00;409.90;512.23
2015-12-07;401.57;384.21;396.58;396.00;414.93
2015-12-06;400.82;384.42;388.00;396.58;199.73
2015-12-05;391.50;363.00;364.93;388.00;222.81
2015-12-04;380.00;360.00;370.00;364.93;383.53
2015-12-03;377.14;360.50;365.50;370.00;242.16
2015-12-02;372.00;356.18;370.43;365.50;281.68
2015-12-01;381.94;360.00;381.85;370.43;315.92
2015-11-30;383.00;370.10;374.10;381.85;281.65
2015-11-29;374.10;356.00;358.90;374.10;110.17
2015-11-28;362.00;350.20;357.00;358.90;148.86
2015-11-27;367.00;348.70;359.42;357.00;321.50
2015-11-26;371.50;328.20;330.00;359.42;509.94
2015-11-25;333.80;321.10;323.79;330.00;289.71
2015-11-24;326.81;321.10;326.26;323.79;291.25
2015-11-23;329.97;324.00;326.14;326.26;267.03
2015-11-22;337.54;324.45;330.00;326.14;217.57
2015-11-21;335.00;323.00;325.03;330.00;136.41
2015-11-20;329.77;314.19;328.50;325.03;327.89
2015-11-19;339.96;326.50;338.43;328.50;339.38
2015-11-18;340.64;334.00;339.85;338.43;341.36
2015-11-17;344.38;334.00;337.88;339.85;274.76
2015-11-16;339.53;317.50;324.59;337.88;367.75
2015-11-15;340.03;311.12;337.32;324.59;930.27
2015-11-14;353.00;335.02;350.00;337.32;304.21
2015-11-13;350.00;334.00;340.00;350.00;285.83
2015-11-12;349.00;311.00;312.00;340.00;377.12
2015-11-11;352.00;307.17;345.00;312.00;686.50
2015-11-10;389.60;334.00;387.00;345.00;1047.50
2015-11-09;387.00;365.00;370.00;387.00;413.17
2015-11-08;397.91;370.00;393.00;370.00;260.68
2015-11-07;393.00;367.00;371.00;393.00;239.40
2015-11-06;397.00;353.03;396.20;371.00;990.32
2015-11-05;459.51;387.00;420.11;396.20;436.44
2015-11-04;490.00;391.98;394.00;420.11;650.87
2015-11-03;415.00;340.00;344.00;394.00;1182.59
2015-11-02;351.99;324.00;327.10;344.00;650.77
2015-11-01;329.00;313.54;313.54;327.10;288.93
2015-10-31;328.13;310.00;318.00;313.54;430.18
2015-10-30;329.00;307.89;310.87;318.00;534.98
2015-10-29;316.00;299.38;303.24;310.87;616.36
2015-10-28;305.00;294.59;296.92;303.24;473.11
2015-10-27;297.50;285.00;286.87;296.92;364.44
2015-10-26;288.99;280.00;288.99;286.87;269.22
2015-10-25;294.00;280.73;280.73;288.99;251.99
2015-10-24;282.60;272.58;275.00;280.73;378.54
2015-10-23;281.18;272.02;272.78;275.00;622.35
2015-10-22;276.65;265.00;266.50;272.78;708.77
2015-10-21;274.76;263.00;272.52;266.50;339.63
2015-10-20;275.24;265.32;267.19;272.52;292.01
2015-10-19;268.00;260.00;263.30;267.19;624.04
2015-10-18;272.91;261.76;270.00;263.30;729.72
2015-10-17;277.76;263.79;263.79;270.00;369.24
2015-10-16;267.86;255.56;255.56;263.79;307.44
2015-10-15;259.01;252.51;253.62;255.56;390.46
2015-10-14;256.00;249.91;250.58;253.62;399.37
2015-10-13;252.91;245.00;246.98;250.58;408.25
2015-10-12;249.85;246.60;249.85;246.98;297.43
2015-10-11;249.86;246.51;248.78;249.85;210.13
2015-10-10;248.78;246.00;247.00;248.78;251.00
2015-10-09;247.00;243.93;245.57;247.00;267.60
2015-10-08;248.00;243.00;244.04;245.57;396.24
2015-10-07;248.00;243.47;248.00;244.04;478.53
2015-10-06;248.00;242.00;242.73;248.00;538.51
2015-10-05;247.30;239.58;241.40;242.73;514.93
2015-10-04;241.92;239.63;240.50;241.40;245.49
2015-10-03;242.51;238.50;238.51;240.50;284.22
2015-10-02;242.40;237.13;240.51;238.51;413.42
2015-10-01;241.71;237.10;239.51;240.51;399.27
2015-09-30;241.71;233.98;241.00;239.51;342.92
2015-09-29;242.54;239.00;240.61;241.00;294.37
2015-09-28;244.00;235.00;236.62;240.61;287.16
2015-09-27;238.66;235.10;238.44;236.62;162.73
2015-09-26;238.64;232.65;236.86;238.44;189.39
2015-09-25;240.00;231.35;236.53;236.86;301.87
2015-09-24;239.03;231.30;233.76;236.53;418.08
2015-09-23;235.18;227.77;232.75;233.76;483.48
2015-09-22;233.90;227.15;229.11;232.75;224.93
2015-09-21;236.10;227.00;235.95;229.11;328.85
2015-09-20;240.00;233.32;236.00;235.95;178.07
2015-09-19;236.57;231.40;231.40;236.00;214.75
2015-09-18;239.90;231.40;237.30;231.40;317.69
2015-09-17;240.00;230.32;231.55;237.30;322.84
2015-09-16;233.97;229.00;232.43;231.55;362.23
2015-09-15;234.57;231.08;232.79;232.43;373.96
2015-09-14;234.62;230.07;232.45;232.79;303.39
2015-09-13;238.44;230.00;238.30;232.45;460.04
2015-09-12;244.00;236.00;242.27;238.30;223.29
2015-09-11;243.60;237.58;240.90;242.27;267.62
2015-09-10;243.00;237.43;240.26;240.90;425.79
2015-09-09;246.00;237.00;245.00;240.26;412.09
2015-09-08;247.89;241.28;242.65;245.00;319.94
2015-09-07;250.00;239.00;248.00;242.65;328.56
2015-09-06;265.00;233.94;235.23;248.00;307.84
2015-09-05;236.43;229.10;229.90;235.23;289.69
2015-09-04;231.78;227.21;227.79;229.90;255.80
2015-09-03;230.45;224.30;229.98;227.79;387.76
2015-09-02;231.00;226.00;228.34;229.98;285.97
2015-09-01;232.88;227.02;231.29;228.34;342.22
2015-08-31;233.00;226.00;229.90;231.29;194.73
2015-08-30;233.00;228.00;229.50;229.90;119.78
2015-08-29;235.00;229.00;234.92;229.50;155.59
2015-08-28;235.00;222.22;226.22;234.92;307.32
2015-08-27;230.25;225.00;227.25;226.22;318.38
2015-08-26;232.23;224.00;227.14;227.25;327.02
2015-08-25;231.00;206.00;221.90;227.14;392.74
2015-08-24;247.36;215.00;247.00;221.90;311.21
2015-08-23;248.00;236.10;244.00;247.00;193.22
2015-08-22;250.00;237.11;242.00;244.00;224.60
2015-08-21;245.00;238.00;241.20;242.00;246.81
2015-08-20;249.90;232.00;238.99;241.20;307.80
2015-08-19;267.20;232.16;254.56;238.99;772.06
2015-08-18;271.00;250.33;269.93;254.56;399.22
2015-08-17;271.00;264.00;268.00;269.93;180.95
2015-08-16;273.00;260.00;264.36;268.00;199.05
2015-08-15;270.24;259.88;269.68;264.36;981.11
2015-08-14;270.62;262.00;265.38;269.68;260.47
2015-08-13;272.22;261.30;272.22;265.38;339.17
2015-08-12;272.22;263.45;270.00;272.22;179.47
2015-08-11;270.00;263.14;264.64;270.00;477.79
2015-08-10;266.98;261.25;265.84;264.64;145.27
2015-08-09;267.86;258.13;261.00;265.84;367.21
2015-08-08;281.00;261.00;277.43;261.00;449.74
2015-08-07;279.39;273.28;278.09;277.43;616.79
2015-08-06;282.49;276.00;280.93;278.09;238.78
2015-08-05;286.77;280.93;286.77;280.93;208.37
2015-08-04;287.82;283.00;285.33;286.77;209.78
2015-08-03;288.00;282.13;284.29;285.33;171.54
2015-08-02;287.00;278.03;282.75;284.29;127.46
2015-08-01;285.78;278.20;285.21;282.75;149.52
2015-07-31;290.01;280.00;289.20;285.21;189.30
2015-07-30;290.32;283.45;289.58;289.20;152.65
2015-07-29;295.87;285.64;295.47;289.58;618.26
2015-07-28;299.00;289.90;296.28;295.47;233.37
2015-07-27;298.90;286.00;291.80;296.28;205.63
2015-07-26;291.80;288.07;291.80;291.80;179.05
2015-07-25;293.91;288.01;292.76;291.80;106.61
2015-07-24;292.76;275.94;277.05;292.76;643.21
2015-07-23;288.00;276.55;280.00;277.05;254.41
2015-07-22;284.00;276.91;278.47;280.00;124.93
2015-07-21;283.79;278.00;278.00;278.47;137.04
2015-07-20;283.00;276.00;276.76;278.00;317.08
2015-07-19;281.51;275.40;276.00;276.76;66.85
2015-07-18;284.76;260.00;283.74;276.00;405.87
2015-07-17;283.99;275.50;279.00;283.74;253.71
2015-07-16;295.00;274.96;287.24;279.00;213.82
2015-07-15;296.25;286.00;289.71;287.24;249.28
2015-07-14;297.15;288.01;293.93;289.71;141.30
2015-07-13;313.10;280.37;308.50;293.93;226.34
2015-07-12;315.00;291.49;294.00;308.50;940.26
2015-07-11;297.40;283.20;286.00;294.00;175.51
2015-07-10;290.00;271.00;273.00;286.00;410.18
2015-07-09;276.05;269.51;274.42;273.00;139.56
2015-07-08;276.00;268.21;268.21;274.42;154.68
2015-07-07;278.04;267.10;277.35;268.21;128.45
2015-07-06;282.89;268.33;274.00;277.35;127.38
2015-07-05;275.24;260.00;263.16;274.00;139.76
2015-07-04;266.00;257.00;260.41;263.16;58.96
2015-07-03;261.00;255.00;258.98;260.41;69.92
2015-07-02;264.00;255.67;259.74;258.98;99.01
2015-07-01;267.09;255.10;266.00;259.74;112.85
2015-06-30;270.36;254.00;257.00;266.00;235.88
2015-06-29;257.00;250.00;251.99;257.00;124.19
2015-06-28;255.00;248.50;254.96;251.99;263.70
2015-06-27;255.00;242.10;242.10;254.96;106.72
2015-06-26;247.00;241.00;244.00;242.10;119.81
2015-06-25;244.95;239.50;243.27;244.00;158.22
2015-06-24;243.60;240.00;240.00;243.27;119.14
2015-06-23;244.36;240.00;243.95;240.00;192.12
2015-06-22;243.95;236.02;239.00;243.95;216.11
2015-06-21;240.20;236.00;238.00;239.00;84.86
2015-06-20;240.20;236.00;236.10;238.00;133.34
2015-06-19;243.80;236.00;243.80;236.10;183.67
2015-06-18;245.00;240.00;245.00;243.80;139.54
2015-06-17;254.00;241.10;242.49;245.00;254.55
2015-06-16;242.49;233.23;238.00;242.49;977.68
2015-06-15;238.00;230.00;234.00;238.00;184.28
2015-06-14;235.00;231.00;232.50;234.00;250.96
2015-06-13;232.50;230.00;232.50;232.50;64.03
2015-06-12;233.00;231.00;233.00;232.50;58.14
2015-06-11;233.50;229.00;233.50;233.00;98.53
2015-06-10;233.50;228.12;233.00;233.50;89.91
2015-06-09;234.50;229.00;231.00;233.00;101.16
2015-06-08;233.00;227.25;227.50;231.00;58.63
2015-06-07;230.68;227.50;229.56;227.50;50.53
2015-06-06;230.18;227.00;227.00;229.56;40.69
2015-06-05;230.27;223.20;227.50;227.00;91.83
2015-06-04;232.00;227.50;229.01;227.50;56.42
2015-06-03;236.00;224.00;233.85;229.01;105.60
2015-06-02;235.00;226.01;226.56;233.85;54.63
2015-06-01;235.08;225.24;233.02;226.56;113.58
2015-05-31;239.00;233.02;237.40;233.02;48.39
2015-05-30;240.31;236.00;239.01;237.40;44.87
2015-05-29;241.96;235.17;240.00;239.01;90.81
2015-05-28;242.00;239.00;239.00;240.00;50.06
2015-05-27;242.00;236.00;239.42;239.00;74.38
2015-05-26;242.00;235.97;240.04;239.42;81.75
2015-05-25;244.10;240.00;241.38;240.04;50.16
2015-05-24;244.20;239.09;239.18;241.38;66.87
2015-05-23;243.63;238.16;238.42;239.18;72.71
2015-05-22;240.00;232.00;232.33;238.42;79.47
2015-05-21;233.65;229.57;230.10;232.33;68.52
2015-05-20;231.90;228.41;229.28;230.10;83.88
2015-05-19;232.02;229.00;230.43;229.28;104.42
2015-05-18;235.00;230.34;233.87;230.43;112.14
2015-05-17;235.68;233.86;234.65;233.87;73.83
2015-05-16;241.47;234.30;238.00;234.65;80.08
2015-05-15;241.92;237.00;240.00;238.00;38.98
2015-05-14;241.60;236.00;238.71;240.00;90.29
2015-05-13;245.79;238.30;242.20;238.71;76.00
2015-05-12;244.20;235.19;244.13;242.20;117.59
2015-05-11;246.35;241.00;241.08;244.13;46.57
2015-05-10;246.00;240.00;243.14;241.08;50.87
2015-05-09;248.00;238.05;245.80;243.14;72.49
2015-05-08;246.00;236.82;240.89;245.80;79.30
2015-05-07;241.50;228.38;234.14;240.89;99.11
2015-05-06;244.00;232.89;242.94;234.14;52.13
2015-05-05;243.10;234.13;242.64;242.94;67.12
2015-05-04;247.87;235.35;244.90;242.64;69.58
2015-05-03;246.00;237.14;237.14;244.90;36.94
2015-05-02;240.72;234.00;235.64;237.14;35.32
2015-05-01;242.12;235.64;238.08;235.64;34.41
2015-04-30;240.99;226.75;227.00;238.08;56.06
2015-04-29;231.92;226.00;228.93;227.00;59.21
2015-04-28;233.95;224.70;233.95;228.93;60.57
2015-04-27;237.00;216.00;219.00;233.95;91.30
2015-04-26;227.10;215.00;227.10;219.00;75.62
2015-04-25;231.17;226.00;231.17;227.10;40.96
2015-04-24;234.87;228.85;232.20;231.17;51.82
2015-04-23;234.00;232.20;233.00;232.20;2.61
2015-04-22;235.04;235.04;235.04;235.04;0.00
2015-04-21;235.04;235.04;235.04;235.04;0.00
2015-04-20;235.04;235.04;235.04;235.04;0.00
2015-04-19;235.04;235.04;235.04;235.04;0.00
2015-04-18;235.04;235.04;235.04;235.04;0.00
2015-04-17;235.04;235.04;235.04;235.04;0.00
2015-04-16;235.04;235.04;235.04;235.04;0.00
2015-04-15;235.04;235.04;235.04;235.04;0.00
2015-04-14;235.04;235.04;235.04;235.04;0.00
2015-04-13;235.04;235.04;235.04;235.04;0.00
2015-04-12;236.09;234.70;234.70;235.04;1.13
2015-04-11;236.46;230.00;232.12;234.70;79.67
2015-04-10;244.20;110.00;244.20;232.12;265.10
2015-04-09;246.64;235.00;245.73;244.20;77.47
2015-04-08;253.00;243.00;250.91;245.73;72.83
2015-04-07;253.82;248.01;252.14;250.91;83.96
2015-04-06;259.00;252.00;257.19;252.58;44.11
2015-04-05;257.19;250.00;253.05;257.19;52.98
2015-04-04;254.56;249.47;253.22;253.05;18.38
2015-04-03;254.00;249.29;250.00;253.22;27.90
2015-04-02;251.00;242.00;244.20;250.00;49.63
2015-04-01;245.00;239.16;242.13;243.24;30.12
2015-03-31;249.00;238.00;247.00;242.13;41.35
2015-03-30;247.00;237.00;241.90;247.00;57.04
2015-03-29;253.98;239.00;253.98;241.90;100.07
2015-03-28;255.40;247.12;247.97;253.98;37.32
2015-03-27;260.57;245.00;247.45;248.07;103.47
2015-03-26;256.00;245.00;249.09;247.45;90.64
2015-03-25;253.00;240.00;253.00;249.09;73.10
2015-03-24;270.47;247.88;265.22;253.00;255.70
2015-03-23;273.22;30.10;267.40;265.22;199.58
2015-03-22;269.76;257.50;262.00;267.40;36.16
2015-03-21;263.52;256.36;259.47;262.00;34.38
2015-03-20;261.20;255.93;260.00;259.47;44.96
2015-03-19;266.99;245.00;256.30;260.00;96.02
2015-03-18;285.47;249.00;284.00;256.30;173.94
2015-03-17;292.55;280.00;288.00;284.00;55.38
2015-03-16;293.72;282.46;284.00;288.00;17.12
2015-03-15;284.00;276.50;277.17;284.00;17.85
2015-03-14;288.02;276.50;288.02;277.17;42.83
2015-03-13;295.18;287.32;295.18;288.02;52.74
2015-03-12;297.80;292.31;295.40;295.18;28.76
2015-03-11;296.80;285.00;290.00;295.40;110.75
2015-03-10;297.00;283.21;285.72;290.00;49.09
2015-03-09;289.00;271.15;273.00;285.72;41.09
2015-03-08;273.91;268.00;272.50;273.00;13.39
2015-03-07;275.00;269.01;271.00;272.50;14.28
2015-03-06;275.00;266.00;271.00;271.00;16.91
2015-03-05;278.70;261.00;267.07;271.00;53.18
2015-03-04;280.00;256.10;276.00;267.07;50.77
2015-03-03;282.00;261.00;266.90;276.00;103.60
2015-03-02;268.00;250.00;253.90;266.90;42.51
2015-03-01;255.00;243.00;249.40;253.90;42.33
2015-02-28;250.00;245.00;247.00;249.40;18.32
2015-02-27;251.00;232.60;234.15;247.00;104.98
2015-02-26;240.00;232.60;235.00;234.44;60.44
2015-02-25;237.93;233.15;234.52;235.00;25.02
2015-02-24;244.00;232.00;233.73;234.52;52.16
2015-02-23;237.00;220.32;235.59;233.73;71.72
2015-02-22;242.60;230.00;241.75;235.59;76.81
2015-02-21;246.59;239.00;244.35;241.75;107.17
2015-02-20;244.70;239.37;239.42;244.35;12.96
2015-02-19;245.00;235.00;239.48;239.42;51.96
2015-02-18;247.00;235.00;239.00;239.48;60.68
2015-02-17;239.00;231.50;233.92;239.00;83.21
2015-02-16;234.00;226.07;227.97;233.92;92.72
2015-02-15;260.00;225.00;253.56;227.97;74.43
2015-02-14;259.00;230.00;233.00;258.00;48.03
2015-02-13;237.00;220.01;222.39;233.00;83.90
2015-02-12;222.09;214.50;219.41;221.26;28.49
2015-02-11;224.00;217.00;221.04;219.42;182.31
2015-02-10;225.00;220.00;222.78;221.04;29.41
2015-02-09;229.00;219.51;228.93;222.78;122.34
2015-02-08;230.00;225.20;230.00;228.93;20.95
